/*
 Navicat Premium Data Transfer

 Source Server         : www
 Source Server Type    : MySQL
 Source Server Version : 50723
 Source Host           : localhost:3306
 Source Schema         : daliy

 Target Server Type    : MySQL
 Target Server Version : 50723
 File Encoding         : 65001

 Date: 21/12/2018 22:39:31
*/

SET NAMES utf8mb4;
SET FOREIGN_KEY_CHECKS = 0;

-- ----------------------------
-- Table structure for category
-- ----------------------------
DROP TABLE IF EXISTS `category`;
CREATE TABLE `category`  (
  `cid` int(10) NOT NULL AUTO_INCREMENT,
  `cname` varchar(255) CHARACTER SET utf8 COLLATE utf8_general_ci NOT NULL,
  `pid` int(10) NOT NULL DEFAULT 0,
  PRIMARY KEY (`cid`) USING BTREE
) ENGINE = MyISAM AUTO_INCREMENT = 144 CHARACTER SET = utf8 COLLATE = utf8_general_ci ROW_FORMAT = Dynamic;

-- ----------------------------
-- Records of category
-- ----------------------------
INSERT INTO `category` VALUES (2, '热卖', 0);
INSERT INTO `category` VALUES (3, '安心蔬菜', 2);
INSERT INTO `category` VALUES (4, '安心肉蛋', 2);
INSERT INTO `category` VALUES (5, '安心水产', 2);
INSERT INTO `category` VALUES (6, '安心乳品', 2);
INSERT INTO `category` VALUES (7, '优选零食', 2);
INSERT INTO `category` VALUES (8, '优选酒饮', 2);
INSERT INTO `category` VALUES (9, '优选轻食', 2);
INSERT INTO `category` VALUES (13, '优选熟食', 2);
INSERT INTO `category` VALUES (14, '优选速食', 2);
INSERT INTO `category` VALUES (15, '优选粮油', 2);
INSERT INTO `category` VALUES (17, '优选日百', 2);
INSERT INTO `category` VALUES (20, '会员特价', 0);
INSERT INTO `category` VALUES (21, '会员爆品', 20);
INSERT INTO `category` VALUES (22, '暖心火锅', 0);
INSERT INTO `category` VALUES (23, '肉类', 22);
INSERT INTO `category` VALUES (24, '必备配菜', 22);
INSERT INTO `category` VALUES (25, '锅底', 22);
INSERT INTO `category` VALUES (26, '小料调味', 22);
INSERT INTO `category` VALUES (27, '丸滑', 22);
INSERT INTO `category` VALUES (28, '海鲜', 22);
INSERT INTO `category` VALUES (29, '豆/粉/菌/菇', 22);
INSERT INTO `category` VALUES (30, '根茎', 22);
INSERT INTO `category` VALUES (31, '叶菜', 22);
INSERT INTO `category` VALUES (32, '主食', 22);
INSERT INTO `category` VALUES (33, '懒人火锅', 22);
INSERT INTO `category` VALUES (34, '饮品', 22);
INSERT INTO `category` VALUES (35, '清口瓜果', 22);
INSERT INTO `category` VALUES (36, '小吃', 22);
INSERT INTO `category` VALUES (37, '清洁', 22);
INSERT INTO `category` VALUES (38, '每日上新', 0);
INSERT INTO `category` VALUES (39, '新品水果', 38);
INSERT INTO `category` VALUES (40, '火锅食材', 38);
INSERT INTO `category` VALUES (41, '速食熟食', 38);
INSERT INTO `category` VALUES (42, '轻食零食', 38);
INSERT INTO `category` VALUES (43, '酒饮乳品', 38);
INSERT INTO `category` VALUES (44, '生活用品', 38);
INSERT INTO `category` VALUES (45, '水果', 0);
INSERT INTO `category` VALUES (46, '本周上新', 45);
INSERT INTO `category` VALUES (47, '热销明星', 45);
INSERT INTO `category` VALUES (48, '柑桔橙柚', 45);
INSERT INTO `category` VALUES (49, '苹果梨', 45);
INSERT INTO `category` VALUES (50, '热带水果', 45);
INSERT INTO `category` VALUES (51, '葡萄浆果', 45);
INSERT INTO `category` VALUES (52, '瓜类', 45);
INSERT INTO `category` VALUES (53, '蔬菜', 0);
INSERT INTO `category` VALUES (54, '热销明星', 53);
INSERT INTO `category` VALUES (55, '本周上新', 53);
INSERT INTO `category` VALUES (56, '根茎', 53);
INSERT INTO `category` VALUES (57, '果实', 53);
INSERT INTO `category` VALUES (58, '叶菜', 53);
INSERT INTO `category` VALUES (59, '肉蛋', 0);
INSERT INTO `category` VALUES (60, '热销明星', 59);
INSERT INTO `category` VALUES (61, '新品推荐', 59);
INSERT INTO `category` VALUES (62, '健康好蛋', 59);
INSERT INTO `category` VALUES (63, '营养禽肉', 59);
INSERT INTO `category` VALUES (64, '精选牛排', 59);
INSERT INTO `category` VALUES (65, '精品牛肉', 59);
INSERT INTO `category` VALUES (66, '家常猪肉', 59);
INSERT INTO `category` VALUES (67, '品质黑猪', 59);
INSERT INTO `category` VALUES (68, '鲜嫩羊肉', 59);
INSERT INTO `category` VALUES (69, '水产', 0);
INSERT INTO `category` VALUES (70, '热销明星', 69);
INSERT INTO `category` VALUES (71, '本周上新', 69);
INSERT INTO `category` VALUES (72, '鲜虾一族', 69);
INSERT INTO `category` VALUES (73, '鱼中精英', 69);
INSERT INTO `category` VALUES (74, '加工海鲜', 69);
INSERT INTO `category` VALUES (75, '烤涮合集', 69);
INSERT INTO `category` VALUES (76, '海洋鲜贝', 69);
INSERT INTO `category` VALUES (77, '乳品', 0);
INSERT INTO `category` VALUES (78, '热销明星', 77);
INSERT INTO `category` VALUES (79, '本周上新', 77);
INSERT INTO `category` VALUES (80, '低温牛奶', 77);
INSERT INTO `category` VALUES (81, '低温酸奶', 77);
INSERT INTO `category` VALUES (82, '常温奶', 77);
INSERT INTO `category` VALUES (83, '乳酸菌', 77);
INSERT INTO `category` VALUES (84, '特色乳饮', 77);
INSERT INTO `category` VALUES (85, '牛奶礼盒', 77);
INSERT INTO `category` VALUES (86, '黄油奶酪', 77);
INSERT INTO `category` VALUES (87, '零食', 0);
INSERT INTO `category` VALUES (88, '优选零食', 87);
INSERT INTO `category` VALUES (89, '本周上新', 87);
INSERT INTO `category` VALUES (90, '热搜TOP榜', 87);
INSERT INTO `category` VALUES (91, '追剧伴侣', 87);
INSERT INTO `category` VALUES (92, '坚果炒货', 87);
INSERT INTO `category` VALUES (93, '充饥常备', 87);
INSERT INTO `category` VALUES (94, '肉干卤味', 87);
INSERT INTO `category` VALUES (95, '糖巧果干', 87);
INSERT INTO `category` VALUES (96, '酒饮', 0);
INSERT INTO `category` VALUES (97, '优选酒饮', 96);
INSERT INTO `category` VALUES (98, '新品上市', 96);
INSERT INTO `category` VALUES (99, '特价秒杀', 96);
INSERT INTO `category` VALUES (100, '水', 96);
INSERT INTO `category` VALUES (101, '咖啡', 96);
INSERT INTO `category` VALUES (102, '熟食', 0);
INSERT INTO `category` VALUES (103, '轻食', 0);
INSERT INTO `category` VALUES (104, '速食', 0);
INSERT INTO `category` VALUES (105, '粮油', 0);
INSERT INTO `category` VALUES (106, '日百', 0);
INSERT INTO `category` VALUES (107, '今日热卖', 102);
INSERT INTO `category` VALUES (108, '本周上新', 102);
INSERT INTO `category` VALUES (109, '热销明星', 102);
INSERT INTO `category` VALUES (110, '馋嘴熟食', 102);
INSERT INTO `category` VALUES (111, '风味熟食', 102);
INSERT INTO `category` VALUES (112, '腌腊熟食', 102);
INSERT INTO `category` VALUES (113, '西式熟食', 102);
INSERT INTO `category` VALUES (114, '优选轻食', 103);
INSERT INTO `category` VALUES (115, '热销明星', 103);
INSERT INTO `category` VALUES (116, '轻食上新', 103);
INSERT INTO `category` VALUES (117, '能量面包', 103);
INSERT INTO `category` VALUES (118, '轻奢蛋糕', 103);
INSERT INTO `category` VALUES (119, '今日热卖', 104);
INSERT INTO `category` VALUES (120, '本周上新', 104);
INSERT INTO `category` VALUES (121, '热销明星', 104);
INSERT INTO `category` VALUES (122, '粗粮面点', 104);
INSERT INTO `category` VALUES (123, '面条饼类', 104);
INSERT INTO `category` VALUES (124, '上新', 105);
INSERT INTO `category` VALUES (125, '方便速食', 105);
INSERT INTO `category` VALUES (126, '米面', 105);
INSERT INTO `category` VALUES (127, '食用油', 105);
INSERT INTO `category` VALUES (128, '火锅配料', 105);
INSERT INTO `category` VALUES (129, '调味品', 105);
INSERT INTO `category` VALUES (130, '干货', 105);
INSERT INTO `category` VALUES (131, '优选日化', 106);
INSERT INTO `category` VALUES (132, '热销明星', 106);
INSERT INTO `category` VALUES (133, '上新', 106);
INSERT INTO `category` VALUES (134, '秋冬护理', 106);
INSERT INTO `category` VALUES (135, '面部护理', 106);
INSERT INTO `category` VALUES (136, '纸品', 106);
INSERT INTO `category` VALUES (137, '口腔护理', 106);
INSERT INTO `category` VALUES (138, '身体护理', 106);
INSERT INTO `category` VALUES (139, '日用清洁', 106);
INSERT INTO `category` VALUES (140, '家居用品', 106);
INSERT INTO `category` VALUES (141, '家居用品', 106);
INSERT INTO `category` VALUES (142, '卫生巾', 106);
INSERT INTO `category` VALUES (143, '计生用品', 106);

-- ----------------------------
-- Table structure for goods
-- ----------------------------
DROP TABLE IF EXISTS `goods`;
CREATE TABLE `goods`  (
  `gid` int(10) UNSIGNED NOT NULL AUTO_INCREMENT COMMENT '商品主键',
  `gname` varchar(255) CHARACTER SET utf8 COLLATE utf8_general_ci NOT NULL COMMENT '商品名称',
  `gdes` varchar(255) CHARACTER SET utf8 COLLATE utf8_general_ci NOT NULL COMMENT '商品描述',
  `thumb` varchar(255) CHARACTER SET utf8 COLLATE utf8_general_ci NULL DEFAULT NULL COMMENT '缩略图',
  `gtag` varchar(255) CHARACTER SET utf8 COLLATE utf8_general_ci NULL DEFAULT NULL COMMENT '标签，之间用逗号隔开',
  `gdiscount` decimal(10, 2) NULL DEFAULT NULL COMMENT '现价',
  `gprice` decimal(10, 2) NOT NULL COMMENT '原价',
  `gbanner` varchar(255) CHARACTER SET utf8 COLLATE utf8_general_ci NULL DEFAULT NULL COMMENT '轮播图',
  `gfee` varchar(255) CHARACTER SET utf8 COLLATE utf8_general_ci NULL DEFAULT NULL COMMENT '配送信息',
  `gcount` int(10) NULL DEFAULT 0 COMMENT '销量',
  `gcontent` text CHARACTER SET utf8 COLLATE utf8_general_ci NULL COMMENT '内容',
  `createtime` timestamp(0) NULL DEFAULT CURRENT_TIMESTAMP(0) ON UPDATE CURRENT_TIMESTAMP(0),
  `cid1` int(10) NOT NULL COMMENT '所属一级栏目',
  `cid2` int(10) NOT NULL COMMENT '所属二级栏目',
  PRIMARY KEY (`gid`) USING BTREE
) ENGINE = MyISAM AUTO_INCREMENT = 98 CHARACTER SET = utf8 COLLATE = utf8_general_ci ROW_FORMAT = Dynamic;

-- ----------------------------
-- Records of goods
-- ----------------------------
INSERT INTO `goods` VALUES (30, '小芋头400g', '被绵密柔软击中味蕾', '/2018-12-13/1544666444061.webp', '新人专享，100%权威检测', 1.90, 3.90, '/2018-12-13/1544666530798.jpeg,/2018-12-13/1544666531109.jpeg,/2018-12-13/1544666531235.jpeg,/2018-12-13/1544666530503.jpeg', '实付满49包邮', 0, '<h2 style=\"text-align: center;\"><img src=\"/2018-12-13/1544666901124.jpeg\" style=\"max-width:100%;\"></h2><p><img src=\"/2018-12-13/1544666949035.jpeg\" style=\"max-width:100%;\"><br></p><p><img src=\"/2018-12-13/1544666959653.jpeg\" style=\"max-width:100%;\"><br></p><p><img src=\"/2018-12-13/1544667060981.jpeg\" style=\"max-width:100%;\"><br></p><p><img src=\"/2018-12-13/1544667068373.jpeg\" style=\"max-width:100%;\"><br></p><p><img src=\"/2018-12-13/1544667075112.jpeg\" style=\"max-width:100%;\"><br></p><p><img src=\"/2018-12-13/1544667084120.jpeg\" style=\"max-width:100%;\"><br></p><p><img src=\"/2018-12-13/1544667090380.jpeg\" style=\"max-width:100%;\"><br></p><p><img src=\"/2018-12-13/1544667097355.jpeg\" style=\"max-width:100%;\"><br></p>', '2018-12-13 17:17:11', 2, 8);
INSERT INTO `goods` VALUES (31, '小芋头400g', '被绵密柔软击中味蕾', '/2018-12-13/1544666444061.webp', '无', 1.90, 3.90, '/2018-12-13/1544666530798.jpeg,/2018-12-13/1544666531109.jpeg,/2018-12-13/1544666531235.jpeg,/2018-12-13/1544666530503.jpeg', '实付满49包邮', 0, '<h2 style=\"text-align: center;\"><img src=\"/2018-12-13/1544666901124.jpeg\" style=\"max-width:100%;\"></h2><p><img src=\"/2018-12-13/1544666949035.jpeg\" style=\"max-width:100%;\"><br></p><p><img src=\"/2018-12-13/1544666959653.jpeg\" style=\"max-width:100%;\"><br></p><p><img src=\"/2018-12-13/1544667060981.jpeg\" style=\"max-width:100%;\"><br></p><p><img src=\"/2018-12-13/1544667068373.jpeg\" style=\"max-width:100%;\"><br></p><p><img src=\"/2018-12-13/1544667075112.jpeg\" style=\"max-width:100%;\"><br></p><p><img src=\"/2018-12-13/1544667084120.jpeg\" style=\"max-width:100%;\"><br></p><p><img src=\"/2018-12-13/1544667090380.jpeg\" style=\"max-width:100%;\"><br></p><p><img src=\"/2018-12-13/1544667097355.jpeg\" style=\"max-width:100%;\"><br></p>', '2018-12-13 10:14:52', 2, 9);
INSERT INTO `goods` VALUES (29, '小芋头400g', '被绵密柔软击中味蕾', '/2018-12-13/1544666444061.webp', '新人专享，100%权威检测', 1.90, 3.90, '/2018-12-13/1544666530798.jpeg,/2018-12-13/1544666531109.jpeg,/2018-12-13/1544666531235.jpeg,/2018-12-13/1544666530503.jpeg', '实付满49包邮', 0, '<h2 style=\"text-align: center;\"><img src=\"/2018-12-13/1544666901124.jpeg\" style=\"max-width:100%;\"></h2><p><img src=\"/2018-12-13/1544666949035.jpeg\" style=\"max-width:100%;\"><br></p><p><img src=\"/2018-12-13/1544666959653.jpeg\" style=\"max-width:100%;\"><br></p><p><img src=\"/2018-12-13/1544667060981.jpeg\" style=\"max-width:100%;\"><br></p><p><img src=\"/2018-12-13/1544667068373.jpeg\" style=\"max-width:100%;\"><br></p><p><img src=\"/2018-12-13/1544667075112.jpeg\" style=\"max-width:100%;\"><br></p><p><img src=\"/2018-12-13/1544667084120.jpeg\" style=\"max-width:100%;\"><br></p><p><img src=\"/2018-12-13/1544667090380.jpeg\" style=\"max-width:100%;\"><br></p><p><img src=\"/2018-12-13/1544667097355.jpeg\" style=\"max-width:100%;\"><br></p>', '2018-12-13 17:17:14', 2, 7);
INSERT INTO `goods` VALUES (26, '小芋头400g', '被绵密柔软击中味蕾', '/2018-12-13/1544666444061.webp', '无', 1.90, 3.90, '/2018-12-13/1544666530798.jpeg,/2018-12-13/1544666531109.jpeg,/2018-12-13/1544666531235.jpeg,/2018-12-13/1544666530503.jpeg', '实付满49包邮', 0, '<h2 style=\"text-align: center;\"><img src=\"/2018-12-13/1544666901124.jpeg\" style=\"max-width:100%;\"></h2><p><img src=\"/2018-12-13/1544666949035.jpeg\" style=\"max-width:100%;\"><br></p><p><img src=\"/2018-12-13/1544666959653.jpeg\" style=\"max-width:100%;\"><br></p><p><img src=\"/2018-12-13/1544667060981.jpeg\" style=\"max-width:100%;\"><br></p><p><img src=\"/2018-12-13/1544667068373.jpeg\" style=\"max-width:100%;\"><br></p><p><img src=\"/2018-12-13/1544667075112.jpeg\" style=\"max-width:100%;\"><br></p><p><img src=\"/2018-12-13/1544667084120.jpeg\" style=\"max-width:100%;\"><br></p><p><img src=\"/2018-12-13/1544667090380.jpeg\" style=\"max-width:100%;\"><br></p><p><img src=\"/2018-12-13/1544667097355.jpeg\" style=\"max-width:100%;\"><br></p>', '2018-12-13 10:13:28', 2, 4);
INSERT INTO `goods` VALUES (27, '小芋头400g', '被绵密柔软击中味蕾', '/2018-12-13/1544666444061.webp', '无', 1.90, 3.90, '/2018-12-13/1544666530798.jpeg,/2018-12-13/1544666531109.jpeg,/2018-12-13/1544666531235.jpeg,/2018-12-13/1544666530503.jpeg', '实付满49包邮', 0, '<h2 style=\"text-align: center;\"><img src=\"/2018-12-13/1544666901124.jpeg\" style=\"max-width:100%;\"></h2><p><img src=\"/2018-12-13/1544666949035.jpeg\" style=\"max-width:100%;\"><br></p><p><img src=\"/2018-12-13/1544666959653.jpeg\" style=\"max-width:100%;\"><br></p><p><img src=\"/2018-12-13/1544667060981.jpeg\" style=\"max-width:100%;\"><br></p><p><img src=\"/2018-12-13/1544667068373.jpeg\" style=\"max-width:100%;\"><br></p><p><img src=\"/2018-12-13/1544667075112.jpeg\" style=\"max-width:100%;\"><br></p><p><img src=\"/2018-12-13/1544667084120.jpeg\" style=\"max-width:100%;\"><br></p><p><img src=\"/2018-12-13/1544667090380.jpeg\" style=\"max-width:100%;\"><br></p><p><img src=\"/2018-12-13/1544667097355.jpeg\" style=\"max-width:100%;\"><br></p>', '2018-12-13 10:13:39', 2, 5);
INSERT INTO `goods` VALUES (28, '小芋头400g', '被绵密柔软击中味蕾', '/2018-12-13/1544666444061.webp', '新人专享，100%权威检测', 1.90, 3.90, '/2018-12-13/1544666530798.jpeg,/2018-12-13/1544666531109.jpeg,/2018-12-13/1544666531235.jpeg,/2018-12-13/1544666530503.jpeg', '实付满49包邮', 0, '<h2 style=\"text-align: center;\"><img src=\"/2018-12-13/1544666901124.jpeg\" style=\"max-width:100%;\"></h2><p><img src=\"/2018-12-13/1544666949035.jpeg\" style=\"max-width:100%;\"><br></p><p><img src=\"/2018-12-13/1544666959653.jpeg\" style=\"max-width:100%;\"><br></p><p><img src=\"/2018-12-13/1544667060981.jpeg\" style=\"max-width:100%;\"><br></p><p><img src=\"/2018-12-13/1544667068373.jpeg\" style=\"max-width:100%;\"><br></p><p><img src=\"/2018-12-13/1544667075112.jpeg\" style=\"max-width:100%;\"><br></p><p><img src=\"/2018-12-13/1544667084120.jpeg\" style=\"max-width:100%;\"><br></p><p><img src=\"/2018-12-13/1544667090380.jpeg\" style=\"max-width:100%;\"><br></p><p><img src=\"/2018-12-13/1544667097355.jpeg\" style=\"max-width:100%;\"><br></p>', '2018-12-13 17:17:17', 2, 6);
INSERT INTO `goods` VALUES (25, '小芋头400g', '被绵密柔软击中味蕾', '/2018-12-13/1544666444061.webp', '无', 1.90, 3.90, '/2018-12-13/1544666530798.jpeg,/2018-12-13/1544666531109.jpeg,/2018-12-13/1544666531235.jpeg,/2018-12-13/1544666530503.jpeg', '实付满49包邮', 0, '<h2 style=\"text-align: center;\"><img src=\"/2018-12-13/1544666901124.jpeg\" style=\"max-width:100%;\"></h2><p><img src=\"/2018-12-13/1544666949035.jpeg\" style=\"max-width:100%;\"><br></p><p><img src=\"/2018-12-13/1544666959653.jpeg\" style=\"max-width:100%;\"><br></p><p><img src=\"/2018-12-13/1544667060981.jpeg\" style=\"max-width:100%;\"><br></p><p><img src=\"/2018-12-13/1544667068373.jpeg\" style=\"max-width:100%;\"><br></p><p><img src=\"/2018-12-13/1544667075112.jpeg\" style=\"max-width:100%;\"><br></p><p><img src=\"/2018-12-13/1544667084120.jpeg\" style=\"max-width:100%;\"><br></p><p><img src=\"/2018-12-13/1544667090380.jpeg\" style=\"max-width:100%;\"><br></p><p><img src=\"/2018-12-13/1544667097355.jpeg\" style=\"max-width:100%;\"><br></p>', '2018-12-13 10:11:41', 2, 3);
INSERT INTO `goods` VALUES (32, '小芋头400g', '被绵密柔软击中味蕾', '/2018-12-13/1544666444061.webp', '无', 1.90, 3.90, '/2018-12-13/1544666530798.jpeg,/2018-12-13/1544666531109.jpeg,/2018-12-13/1544666531235.jpeg,/2018-12-13/1544666530503.jpeg', '实付满49包邮', 0, '<h2 style=\"text-align: center;\"><img src=\"/2018-12-13/1544666901124.jpeg\" style=\"max-width:100%;\"></h2><p><img src=\"/2018-12-13/1544666949035.jpeg\" style=\"max-width:100%;\"><br></p><p><img src=\"/2018-12-13/1544666959653.jpeg\" style=\"max-width:100%;\"><br></p><p><img src=\"/2018-12-13/1544667060981.jpeg\" style=\"max-width:100%;\"><br></p><p><img src=\"/2018-12-13/1544667068373.jpeg\" style=\"max-width:100%;\"><br></p><p><img src=\"/2018-12-13/1544667075112.jpeg\" style=\"max-width:100%;\"><br></p><p><img src=\"/2018-12-13/1544667084120.jpeg\" style=\"max-width:100%;\"><br></p><p><img src=\"/2018-12-13/1544667090380.jpeg\" style=\"max-width:100%;\"><br></p><p><img src=\"/2018-12-13/1544667097355.jpeg\" style=\"max-width:100%;\"><br></p>', '2018-12-13 10:15:04', 2, 13);
INSERT INTO `goods` VALUES (33, '小芋头400g', '被绵密柔软击中味蕾', '/2018-12-13/1544666444061.webp', '无', 1.90, 3.90, '/2018-12-13/1544666530798.jpeg,/2018-12-13/1544666531109.jpeg,/2018-12-13/1544666531235.jpeg,/2018-12-13/1544666530503.jpeg', '实付满49包邮', 0, '<h2 style=\"text-align: center;\"><img src=\"/2018-12-13/1544666901124.jpeg\" style=\"max-width:100%;\"></h2><p><img src=\"/2018-12-13/1544666949035.jpeg\" style=\"max-width:100%;\"><br></p><p><img src=\"/2018-12-13/1544666959653.jpeg\" style=\"max-width:100%;\"><br></p><p><img src=\"/2018-12-13/1544667060981.jpeg\" style=\"max-width:100%;\"><br></p><p><img src=\"/2018-12-13/1544667068373.jpeg\" style=\"max-width:100%;\"><br></p><p><img src=\"/2018-12-13/1544667075112.jpeg\" style=\"max-width:100%;\"><br></p><p><img src=\"/2018-12-13/1544667084120.jpeg\" style=\"max-width:100%;\"><br></p><p><img src=\"/2018-12-13/1544667090380.jpeg\" style=\"max-width:100%;\"><br></p><p><img src=\"/2018-12-13/1544667097355.jpeg\" style=\"max-width:100%;\"><br></p>', '2018-12-13 10:15:14', 2, 14);
INSERT INTO `goods` VALUES (34, '小芋头400g', '被绵密柔软击中味蕾', '/2018-12-13/1544666444061.webp', '无', 1.90, 3.90, '/2018-12-13/1544666530798.jpeg,/2018-12-13/1544666531109.jpeg,/2018-12-13/1544666531235.jpeg,/2018-12-13/1544666530503.jpeg', '实付满49包邮', 0, '<h2 style=\"text-align: center;\"><img src=\"/2018-12-13/1544666901124.jpeg\" style=\"max-width:100%;\"></h2><p><img src=\"/2018-12-13/1544666949035.jpeg\" style=\"max-width:100%;\"><br></p><p><img src=\"/2018-12-13/1544666959653.jpeg\" style=\"max-width:100%;\"><br></p><p><img src=\"/2018-12-13/1544667060981.jpeg\" style=\"max-width:100%;\"><br></p><p><img src=\"/2018-12-13/1544667068373.jpeg\" style=\"max-width:100%;\"><br></p><p><img src=\"/2018-12-13/1544667075112.jpeg\" style=\"max-width:100%;\"><br></p><p><img src=\"/2018-12-13/1544667084120.jpeg\" style=\"max-width:100%;\"><br></p><p><img src=\"/2018-12-13/1544667090380.jpeg\" style=\"max-width:100%;\"><br></p><p><img src=\"/2018-12-13/1544667097355.jpeg\" style=\"max-width:100%;\"><br></p>', '2018-12-13 10:16:00', 2, 15);
INSERT INTO `goods` VALUES (35, '小芋头400g', '被绵密柔软击中味蕾', '/2018-12-13/1544666444061.webp', '无', 1.90, 3.90, '/2018-12-13/1544666530798.jpeg,/2018-12-13/1544666531109.jpeg,/2018-12-13/1544666531235.jpeg,/2018-12-13/1544666530503.jpeg', '实付满49包邮', 0, '<h2 style=\"text-align: center;\"><img src=\"/2018-12-13/1544666901124.jpeg\" style=\"max-width:100%;\"></h2><p><img src=\"/2018-12-13/1544666949035.jpeg\" style=\"max-width:100%;\"><br></p><p><img src=\"/2018-12-13/1544666959653.jpeg\" style=\"max-width:100%;\"><br></p><p><img src=\"/2018-12-13/1544667060981.jpeg\" style=\"max-width:100%;\"><br></p><p><img src=\"/2018-12-13/1544667068373.jpeg\" style=\"max-width:100%;\"><br></p><p><img src=\"/2018-12-13/1544667075112.jpeg\" style=\"max-width:100%;\"><br></p><p><img src=\"/2018-12-13/1544667084120.jpeg\" style=\"max-width:100%;\"><br></p><p><img src=\"/2018-12-13/1544667090380.jpeg\" style=\"max-width:100%;\"><br></p><p><img src=\"/2018-12-13/1544667097355.jpeg\" style=\"max-width:100%;\"><br></p>', '2018-12-13 10:16:22', 53, 54);
INSERT INTO `goods` VALUES (36, '小芋头400g', '被绵密柔软击中味蕾', '/2018-12-13/1544666444061.webp', '新人专享，100%权威检测', 1.90, 3.90, '/2018-12-13/1544666530798.jpeg,/2018-12-13/1544666531109.jpeg,/2018-12-13/1544666531235.jpeg,/2018-12-13/1544666530503.jpeg', '实付满49包邮', 0, '<h2 style=\"text-align: center;\"><img src=\"/2018-12-13/1544666901124.jpeg\" style=\"max-width:100%;\"></h2><p><img src=\"/2018-12-13/1544666949035.jpeg\" style=\"max-width:100%;\"><br></p><p><img src=\"/2018-12-13/1544666959653.jpeg\" style=\"max-width:100%;\"><br></p><p><img src=\"/2018-12-13/1544667060981.jpeg\" style=\"max-width:100%;\"><br></p><p><img src=\"/2018-12-13/1544667068373.jpeg\" style=\"max-width:100%;\"><br></p><p><img src=\"/2018-12-13/1544667075112.jpeg\" style=\"max-width:100%;\"><br></p><p><img src=\"/2018-12-13/1544667084120.jpeg\" style=\"max-width:100%;\"><br></p><p><img src=\"/2018-12-13/1544667090380.jpeg\" style=\"max-width:100%;\"><br></p><p><img src=\"/2018-12-13/1544667097355.jpeg\" style=\"max-width:100%;\"><br></p>', '2018-12-13 17:17:20', 53, 55);
INSERT INTO `goods` VALUES (37, '小芋头400g', '被绵密柔软击中味蕾', '/2018-12-13/1544666444061.webp', '无', 1.90, 3.90, '/2018-12-13/1544666530798.jpeg,/2018-12-13/1544666531109.jpeg,/2018-12-13/1544666531235.jpeg,/2018-12-13/1544666530503.jpeg', '实付满49包邮', 0, '<h2 style=\"text-align: center;\"><img src=\"/2018-12-13/1544666901124.jpeg\" style=\"max-width:100%;\"></h2><p><img src=\"/2018-12-13/1544666949035.jpeg\" style=\"max-width:100%;\"><br></p><p><img src=\"/2018-12-13/1544666959653.jpeg\" style=\"max-width:100%;\"><br></p><p><img src=\"/2018-12-13/1544667060981.jpeg\" style=\"max-width:100%;\"><br></p><p><img src=\"/2018-12-13/1544667068373.jpeg\" style=\"max-width:100%;\"><br></p><p><img src=\"/2018-12-13/1544667075112.jpeg\" style=\"max-width:100%;\"><br></p><p><img src=\"/2018-12-13/1544667084120.jpeg\" style=\"max-width:100%;\"><br></p><p><img src=\"/2018-12-13/1544667090380.jpeg\" style=\"max-width:100%;\"><br></p><p><img src=\"/2018-12-13/1544667097355.jpeg\" style=\"max-width:100%;\"><br></p>', '2018-12-13 10:16:38', 53, 56);
INSERT INTO `goods` VALUES (38, '小芋头400g', '被绵密柔软击中味蕾', '/2018-12-13/1544666444061.webp', '无', 1.90, 3.90, '/2018-12-13/1544666530798.jpeg,/2018-12-13/1544666531109.jpeg,/2018-12-13/1544666531235.jpeg,/2018-12-13/1544666530503.jpeg', '实付满49包邮', 0, '<h2 style=\"text-align: center;\"><img src=\"/2018-12-13/1544666901124.jpeg\" style=\"max-width:100%;\"></h2><p><img src=\"/2018-12-13/1544666949035.jpeg\" style=\"max-width:100%;\"><br></p><p><img src=\"/2018-12-13/1544666959653.jpeg\" style=\"max-width:100%;\"><br></p><p><img src=\"/2018-12-13/1544667060981.jpeg\" style=\"max-width:100%;\"><br></p><p><img src=\"/2018-12-13/1544667068373.jpeg\" style=\"max-width:100%;\"><br></p><p><img src=\"/2018-12-13/1544667075112.jpeg\" style=\"max-width:100%;\"><br></p><p><img src=\"/2018-12-13/1544667084120.jpeg\" style=\"max-width:100%;\"><br></p><p><img src=\"/2018-12-13/1544667090380.jpeg\" style=\"max-width:100%;\"><br></p><p><img src=\"/2018-12-13/1544667097355.jpeg\" style=\"max-width:100%;\"><br></p>', '2018-12-13 10:17:21', 53, 57);
INSERT INTO `goods` VALUES (39, '小芋头400g', '被绵密柔软击中味蕾', '/2018-12-13/1544666444061.webp', '新人专享，100%权威检测', 1.90, 3.90, '/2018-12-13/1544666530798.jpeg,/2018-12-13/1544666531109.jpeg,/2018-12-13/1544666531235.jpeg,/2018-12-13/1544666530503.jpeg', '实付满49包邮', 0, '<h2 style=\"text-align: center;\"><img src=\"/2018-12-13/1544666901124.jpeg\" style=\"max-width:100%;\"></h2><p><img src=\"/2018-12-13/1544666949035.jpeg\" style=\"max-width:100%;\"><br></p><p><img src=\"/2018-12-13/1544666959653.jpeg\" style=\"max-width:100%;\"><br></p><p><img src=\"/2018-12-13/1544667060981.jpeg\" style=\"max-width:100%;\"><br></p><p><img src=\"/2018-12-13/1544667068373.jpeg\" style=\"max-width:100%;\"><br></p><p><img src=\"/2018-12-13/1544667075112.jpeg\" style=\"max-width:100%;\"><br></p><p><img src=\"/2018-12-13/1544667084120.jpeg\" style=\"max-width:100%;\"><br></p><p><img src=\"/2018-12-13/1544667090380.jpeg\" style=\"max-width:100%;\"><br></p><p><img src=\"/2018-12-13/1544667097355.jpeg\" style=\"max-width:100%;\"><br></p>', '2018-12-13 17:17:25', 53, 58);
INSERT INTO `goods` VALUES (40, '金乡大瓣蒜250g', '貌似还没人能替代我的蒜香', '/2018-12-13/1544667632371.webp', '无', 3.90, 5.90, '/2018-12-13/1544667769127.jpeg,/2018-12-13/1544667769605.jpeg,/2018-12-13/1544667769213.jpeg', '实付满49包邮', 0, '<p><img src=\"/2018-12-13/1544668152379.jpeg\" style=\"max-width:100%;\"><br></p><p><img src=\"/2018-12-13/1544668160810.jpeg\" style=\"max-width:100%;\"><br></p><p><img src=\"/2018-12-13/1544668165007.jpeg\" style=\"max-width:100%;\"><br></p><p><img src=\"/2018-12-13/1544668170621.jpeg\" style=\"max-width:100%;\"><br></p><p><img src=\"/2018-12-13/1544668176796.jpeg\" style=\"max-width:100%;\"><br></p><p><img src=\"/2018-12-13/1544668181387.jpeg\" style=\"max-width:100%;\"><br></p><p><img src=\"/2018-12-13/1544668185248.jpeg\" style=\"max-width:100%;\"><br></p><p><img src=\"/2018-12-13/1544668191910.jpeg\" style=\"max-width:100%;\"><br></p>', '2018-12-13 10:29:55', 2, 3);
INSERT INTO `goods` VALUES (41, '金乡大瓣蒜250g', '貌似还没人能替代我的蒜香', '/2018-12-13/1544667632371.webp', '无', 3.90, 5.90, '/2018-12-13/1544667769127.jpeg,/2018-12-13/1544667769605.jpeg,/2018-12-13/1544667769213.jpeg', '实付满49包邮', 0, '<p><img src=\"/2018-12-13/1544668152379.jpeg\" style=\"max-width:100%;\"><br></p><p><img src=\"/2018-12-13/1544668160810.jpeg\" style=\"max-width:100%;\"><br></p><p><img src=\"/2018-12-13/1544668165007.jpeg\" style=\"max-width:100%;\"><br></p><p><img src=\"/2018-12-13/1544668170621.jpeg\" style=\"max-width:100%;\"><br></p><p><img src=\"/2018-12-13/1544668176796.jpeg\" style=\"max-width:100%;\"><br></p><p><img src=\"/2018-12-13/1544668181387.jpeg\" style=\"max-width:100%;\"><br></p><p><img src=\"/2018-12-13/1544668185248.jpeg\" style=\"max-width:100%;\"><br></p><p><img src=\"/2018-12-13/1544668191910.jpeg\" style=\"max-width:100%;\"><br></p>', '2018-12-13 10:30:08', 2, 4);
INSERT INTO `goods` VALUES (42, '金乡大瓣蒜250g', '貌似还没人能替代我的蒜香', '/2018-12-13/1544667632371.webp', '新人专享，100%权威检测', 3.90, 5.90, '/2018-12-13/1544667769127.jpeg,/2018-12-13/1544667769605.jpeg,/2018-12-13/1544667769213.jpeg', '实付满49包邮', 0, '<p><img src=\"/2018-12-13/1544668152379.jpeg\" style=\"max-width:100%;\"><br></p><p><img src=\"/2018-12-13/1544668160810.jpeg\" style=\"max-width:100%;\"><br></p><p><img src=\"/2018-12-13/1544668165007.jpeg\" style=\"max-width:100%;\"><br></p><p><img src=\"/2018-12-13/1544668170621.jpeg\" style=\"max-width:100%;\"><br></p><p><img src=\"/2018-12-13/1544668176796.jpeg\" style=\"max-width:100%;\"><br></p><p><img src=\"/2018-12-13/1544668181387.jpeg\" style=\"max-width:100%;\"><br></p><p><img src=\"/2018-12-13/1544668185248.jpeg\" style=\"max-width:100%;\"><br></p><p><img src=\"/2018-12-13/1544668191910.jpeg\" style=\"max-width:100%;\"><br></p>', '2018-12-13 17:17:29', 2, 5);
INSERT INTO `goods` VALUES (43, '金乡大瓣蒜250g', '貌似还没人能替代我的蒜香', '/2018-12-13/1544667632371.webp', '无', 3.90, 5.90, '/2018-12-13/1544667769127.jpeg,/2018-12-13/1544667769605.jpeg,/2018-12-13/1544667769213.jpeg', '实付满49包邮', 0, '<p><img src=\"/2018-12-13/1544668152379.jpeg\" style=\"max-width:100%;\"><br></p><p><img src=\"/2018-12-13/1544668160810.jpeg\" style=\"max-width:100%;\"><br></p><p><img src=\"/2018-12-13/1544668165007.jpeg\" style=\"max-width:100%;\"><br></p><p><img src=\"/2018-12-13/1544668170621.jpeg\" style=\"max-width:100%;\"><br></p><p><img src=\"/2018-12-13/1544668176796.jpeg\" style=\"max-width:100%;\"><br></p><p><img src=\"/2018-12-13/1544668181387.jpeg\" style=\"max-width:100%;\"><br></p><p><img src=\"/2018-12-13/1544668185248.jpeg\" style=\"max-width:100%;\"><br></p><p><img src=\"/2018-12-13/1544668191910.jpeg\" style=\"max-width:100%;\"><br></p>', '2018-12-13 10:30:25', 2, 6);
INSERT INTO `goods` VALUES (44, '金乡大瓣蒜250g', '貌似还没人能替代我的蒜香', '/2018-12-13/1544667632371.webp', '无', 3.90, 5.90, '/2018-12-13/1544667769127.jpeg,/2018-12-13/1544667769605.jpeg,/2018-12-13/1544667769213.jpeg', '实付满49包邮', 0, '<p><img src=\"/2018-12-13/1544668152379.jpeg\" style=\"max-width:100%;\"><br></p><p><img src=\"/2018-12-13/1544668160810.jpeg\" style=\"max-width:100%;\"><br></p><p><img src=\"/2018-12-13/1544668165007.jpeg\" style=\"max-width:100%;\"><br></p><p><img src=\"/2018-12-13/1544668170621.jpeg\" style=\"max-width:100%;\"><br></p><p><img src=\"/2018-12-13/1544668176796.jpeg\" style=\"max-width:100%;\"><br></p><p><img src=\"/2018-12-13/1544668181387.jpeg\" style=\"max-width:100%;\"><br></p><p><img src=\"/2018-12-13/1544668185248.jpeg\" style=\"max-width:100%;\"><br></p><p><img src=\"/2018-12-13/1544668191910.jpeg\" style=\"max-width:100%;\"><br></p>', '2018-12-13 10:30:35', 2, 7);
INSERT INTO `goods` VALUES (45, '金乡大瓣蒜250g', '貌似还没人能替代我的蒜香', '/2018-12-13/1544667632371.webp', '无', 3.90, 5.90, '/2018-12-13/1544667769127.jpeg,/2018-12-13/1544667769605.jpeg,/2018-12-13/1544667769213.jpeg', '实付满49包邮', 0, '<p><img src=\"/2018-12-13/1544668152379.jpeg\" style=\"max-width:100%;\"><br></p><p><img src=\"/2018-12-13/1544668160810.jpeg\" style=\"max-width:100%;\"><br></p><p><img src=\"/2018-12-13/1544668165007.jpeg\" style=\"max-width:100%;\"><br></p><p><img src=\"/2018-12-13/1544668170621.jpeg\" style=\"max-width:100%;\"><br></p><p><img src=\"/2018-12-13/1544668176796.jpeg\" style=\"max-width:100%;\"><br></p><p><img src=\"/2018-12-13/1544668181387.jpeg\" style=\"max-width:100%;\"><br></p><p><img src=\"/2018-12-13/1544668185248.jpeg\" style=\"max-width:100%;\"><br></p><p><img src=\"/2018-12-13/1544668191910.jpeg\" style=\"max-width:100%;\"><br></p>', '2018-12-13 10:30:48', 2, 3);
INSERT INTO `goods` VALUES (46, '金乡大瓣蒜250g', '貌似还没人能替代我的蒜香', '/2018-12-13/1544667632371.webp', '无', 3.90, 5.90, '/2018-12-13/1544667769127.jpeg,/2018-12-13/1544667769605.jpeg,/2018-12-13/1544667769213.jpeg', '实付满49包邮', 0, '<p><img src=\"/2018-12-13/1544668152379.jpeg\" style=\"max-width:100%;\"><br></p><p><img src=\"/2018-12-13/1544668160810.jpeg\" style=\"max-width:100%;\"><br></p><p><img src=\"/2018-12-13/1544668165007.jpeg\" style=\"max-width:100%;\"><br></p><p><img src=\"/2018-12-13/1544668170621.jpeg\" style=\"max-width:100%;\"><br></p><p><img src=\"/2018-12-13/1544668176796.jpeg\" style=\"max-width:100%;\"><br></p><p><img src=\"/2018-12-13/1544668181387.jpeg\" style=\"max-width:100%;\"><br></p><p><img src=\"/2018-12-13/1544668185248.jpeg\" style=\"max-width:100%;\"><br></p><p><img src=\"/2018-12-13/1544668191910.jpeg\" style=\"max-width:100%;\"><br></p>', '2018-12-13 10:30:55', 2, 4);
INSERT INTO `goods` VALUES (47, '金乡大瓣蒜250g', '貌似还没人能替代我的蒜香', '/2018-12-13/1544667632371.webp', '新人专享，100%权威检测', 3.90, 5.90, '/2018-12-13/1544667769127.jpeg,/2018-12-13/1544667769605.jpeg,/2018-12-13/1544667769213.jpeg', '实付满49包邮', 0, '<p><img src=\"/2018-12-13/1544668152379.jpeg\" style=\"max-width:100%;\"><br></p><p><img src=\"/2018-12-13/1544668160810.jpeg\" style=\"max-width:100%;\"><br></p><p><img src=\"/2018-12-13/1544668165007.jpeg\" style=\"max-width:100%;\"><br></p><p><img src=\"/2018-12-13/1544668170621.jpeg\" style=\"max-width:100%;\"><br></p><p><img src=\"/2018-12-13/1544668176796.jpeg\" style=\"max-width:100%;\"><br></p><p><img src=\"/2018-12-13/1544668181387.jpeg\" style=\"max-width:100%;\"><br></p><p><img src=\"/2018-12-13/1544668185248.jpeg\" style=\"max-width:100%;\"><br></p><p><img src=\"/2018-12-13/1544668191910.jpeg\" style=\"max-width:100%;\"><br></p>', '2018-12-13 17:17:32', 2, 4);
INSERT INTO `goods` VALUES (48, '金乡大瓣蒜250g', '貌似还没人能替代我的蒜香', '/2018-12-13/1544667632371.webp', '无', 3.90, 5.90, '/2018-12-13/1544667769127.jpeg,/2018-12-13/1544667769605.jpeg,/2018-12-13/1544667769213.jpeg', '实付满49包邮', 0, '<p><img src=\"/2018-12-13/1544668152379.jpeg\" style=\"max-width:100%;\"><br></p><p><img src=\"/2018-12-13/1544668160810.jpeg\" style=\"max-width:100%;\"><br></p><p><img src=\"/2018-12-13/1544668165007.jpeg\" style=\"max-width:100%;\"><br></p><p><img src=\"/2018-12-13/1544668170621.jpeg\" style=\"max-width:100%;\"><br></p><p><img src=\"/2018-12-13/1544668176796.jpeg\" style=\"max-width:100%;\"><br></p><p><img src=\"/2018-12-13/1544668181387.jpeg\" style=\"max-width:100%;\"><br></p><p><img src=\"/2018-12-13/1544668185248.jpeg\" style=\"max-width:100%;\"><br></p><p><img src=\"/2018-12-13/1544668191910.jpeg\" style=\"max-width:100%;\"><br></p>', '2018-12-13 10:31:01', 2, 4);
INSERT INTO `goods` VALUES (49, '金乡大瓣蒜250g', '貌似还没人能替代我的蒜香', '/2018-12-13/1544667632371.webp', '无', 3.90, 5.90, '/2018-12-13/1544667769127.jpeg,/2018-12-13/1544667769605.jpeg,/2018-12-13/1544667769213.jpeg', '实付满49包邮', 0, '<p><img src=\"/2018-12-13/1544668152379.jpeg\" style=\"max-width:100%;\"><br></p><p><img src=\"/2018-12-13/1544668160810.jpeg\" style=\"max-width:100%;\"><br></p><p><img src=\"/2018-12-13/1544668165007.jpeg\" style=\"max-width:100%;\"><br></p><p><img src=\"/2018-12-13/1544668170621.jpeg\" style=\"max-width:100%;\"><br></p><p><img src=\"/2018-12-13/1544668176796.jpeg\" style=\"max-width:100%;\"><br></p><p><img src=\"/2018-12-13/1544668181387.jpeg\" style=\"max-width:100%;\"><br></p><p><img src=\"/2018-12-13/1544668185248.jpeg\" style=\"max-width:100%;\"><br></p><p><img src=\"/2018-12-13/1544668191910.jpeg\" style=\"max-width:100%;\"><br></p>', '2018-12-13 10:31:08', 2, 3);
INSERT INTO `goods` VALUES (50, '金乡大瓣蒜250g', '貌似还没人能替代我的蒜香', '/2018-12-13/1544667632371.webp', '无', 3.90, 5.90, '/2018-12-13/1544667769127.jpeg,/2018-12-13/1544667769605.jpeg,/2018-12-13/1544667769213.jpeg', '实付满49包邮', 0, '<p><img src=\"/2018-12-13/1544668152379.jpeg\" style=\"max-width:100%;\"><br></p><p><img src=\"/2018-12-13/1544668160810.jpeg\" style=\"max-width:100%;\"><br></p><p><img src=\"/2018-12-13/1544668165007.jpeg\" style=\"max-width:100%;\"><br></p><p><img src=\"/2018-12-13/1544668170621.jpeg\" style=\"max-width:100%;\"><br></p><p><img src=\"/2018-12-13/1544668176796.jpeg\" style=\"max-width:100%;\"><br></p><p><img src=\"/2018-12-13/1544668181387.jpeg\" style=\"max-width:100%;\"><br></p><p><img src=\"/2018-12-13/1544668185248.jpeg\" style=\"max-width:100%;\"><br></p><p><img src=\"/2018-12-13/1544668191910.jpeg\" style=\"max-width:100%;\"><br></p>', '2018-12-13 10:31:14', 2, 3);
INSERT INTO `goods` VALUES (51, '金乡大瓣蒜250g', '貌似还没人能替代我的蒜香', '/2018-12-13/1544667632371.webp', '无', 3.90, 5.90, '/2018-12-13/1544667769127.jpeg,/2018-12-13/1544667769605.jpeg,/2018-12-13/1544667769213.jpeg', '实付满49包邮', 0, '<p><img src=\"/2018-12-13/1544668152379.jpeg\" style=\"max-width:100%;\"><br></p><p><img src=\"/2018-12-13/1544668160810.jpeg\" style=\"max-width:100%;\"><br></p><p><img src=\"/2018-12-13/1544668165007.jpeg\" style=\"max-width:100%;\"><br></p><p><img src=\"/2018-12-13/1544668170621.jpeg\" style=\"max-width:100%;\"><br></p><p><img src=\"/2018-12-13/1544668176796.jpeg\" style=\"max-width:100%;\"><br></p><p><img src=\"/2018-12-13/1544668181387.jpeg\" style=\"max-width:100%;\"><br></p><p><img src=\"/2018-12-13/1544668185248.jpeg\" style=\"max-width:100%;\"><br></p><p><img src=\"/2018-12-13/1544668191910.jpeg\" style=\"max-width:100%;\"><br></p>', '2018-12-13 10:31:18', 2, 3);
INSERT INTO `goods` VALUES (52, '金乡大瓣蒜250g', '貌似还没人能替代我的蒜香', '/2018-12-13/1544667632371.webp', '新人专享，100%权威检测', 3.90, 5.90, '/2018-12-13/1544667769127.jpeg,/2018-12-13/1544667769605.jpeg,/2018-12-13/1544667769213.jpeg', '实付满49包邮', 0, '<p><img src=\"/2018-12-13/1544668152379.jpeg\" style=\"max-width:100%;\"><br></p><p><img src=\"/2018-12-13/1544668160810.jpeg\" style=\"max-width:100%;\"><br></p><p><img src=\"/2018-12-13/1544668165007.jpeg\" style=\"max-width:100%;\"><br></p><p><img src=\"/2018-12-13/1544668170621.jpeg\" style=\"max-width:100%;\"><br></p><p><img src=\"/2018-12-13/1544668176796.jpeg\" style=\"max-width:100%;\"><br></p><p><img src=\"/2018-12-13/1544668181387.jpeg\" style=\"max-width:100%;\"><br></p><p><img src=\"/2018-12-13/1544668185248.jpeg\" style=\"max-width:100%;\"><br></p><p><img src=\"/2018-12-13/1544668191910.jpeg\" style=\"max-width:100%;\"><br></p>', '2018-12-13 17:17:59', 2, 8);
INSERT INTO `goods` VALUES (53, '金乡大瓣蒜250g', '貌似还没人能替代我的蒜香', '/2018-12-13/1544667632371.webp', '无', 3.90, 5.90, '/2018-12-13/1544667769127.jpeg,/2018-12-13/1544667769605.jpeg,/2018-12-13/1544667769213.jpeg', '实付满49包邮', 0, '<p><img src=\"/2018-12-13/1544668152379.jpeg\" style=\"max-width:100%;\"><br></p><p><img src=\"/2018-12-13/1544668160810.jpeg\" style=\"max-width:100%;\"><br></p><p><img src=\"/2018-12-13/1544668165007.jpeg\" style=\"max-width:100%;\"><br></p><p><img src=\"/2018-12-13/1544668170621.jpeg\" style=\"max-width:100%;\"><br></p><p><img src=\"/2018-12-13/1544668176796.jpeg\" style=\"max-width:100%;\"><br></p><p><img src=\"/2018-12-13/1544668181387.jpeg\" style=\"max-width:100%;\"><br></p><p><img src=\"/2018-12-13/1544668185248.jpeg\" style=\"max-width:100%;\"><br></p><p><img src=\"/2018-12-13/1544668191910.jpeg\" style=\"max-width:100%;\"><br></p>', '2018-12-13 10:31:49', 2, 8);
INSERT INTO `goods` VALUES (54, '金乡大瓣蒜250g', '貌似还没人能替代我的蒜香', '/2018-12-13/1544667632371.webp', '无', 3.90, 5.90, '/2018-12-13/1544667769127.jpeg,/2018-12-13/1544667769605.jpeg,/2018-12-13/1544667769213.jpeg', '实付满49包邮', 0, '<p><img src=\"/2018-12-13/1544668152379.jpeg\" style=\"max-width:100%;\"><br></p><p><img src=\"/2018-12-13/1544668160810.jpeg\" style=\"max-width:100%;\"><br></p><p><img src=\"/2018-12-13/1544668165007.jpeg\" style=\"max-width:100%;\"><br></p><p><img src=\"/2018-12-13/1544668170621.jpeg\" style=\"max-width:100%;\"><br></p><p><img src=\"/2018-12-13/1544668176796.jpeg\" style=\"max-width:100%;\"><br></p><p><img src=\"/2018-12-13/1544668181387.jpeg\" style=\"max-width:100%;\"><br></p><p><img src=\"/2018-12-13/1544668185248.jpeg\" style=\"max-width:100%;\"><br></p><p><img src=\"/2018-12-13/1544668191910.jpeg\" style=\"max-width:100%;\"><br></p>', '2018-12-13 10:31:51', 2, 8);
INSERT INTO `goods` VALUES (55, '金乡大瓣蒜250g', '貌似还没人能替代我的蒜香', '/2018-12-13/1544667632371.webp', '无', 3.90, 5.90, '/2018-12-13/1544667769127.jpeg,/2018-12-13/1544667769605.jpeg,/2018-12-13/1544667769213.jpeg', '实付满49包邮', 0, '<p><img src=\"/2018-12-13/1544668152379.jpeg\" style=\"max-width:100%;\"><br></p><p><img src=\"/2018-12-13/1544668160810.jpeg\" style=\"max-width:100%;\"><br></p><p><img src=\"/2018-12-13/1544668165007.jpeg\" style=\"max-width:100%;\"><br></p><p><img src=\"/2018-12-13/1544668170621.jpeg\" style=\"max-width:100%;\"><br></p><p><img src=\"/2018-12-13/1544668176796.jpeg\" style=\"max-width:100%;\"><br></p><p><img src=\"/2018-12-13/1544668181387.jpeg\" style=\"max-width:100%;\"><br></p><p><img src=\"/2018-12-13/1544668185248.jpeg\" style=\"max-width:100%;\"><br></p><p><img src=\"/2018-12-13/1544668191910.jpeg\" style=\"max-width:100%;\"><br></p>', '2018-12-13 10:31:53', 2, 8);
INSERT INTO `goods` VALUES (56, '白玉北豆腐盒装385g', '煎焖烧后 还能保持超强韧性', '/2018-12-13/1544669910024.webp', '新人专享，100%权威检测', 3.20, 3.90, '/2018-12-13/1544669948487.jpeg,/2018-12-13/1544669948381.jpeg,/2018-12-13/1544669948363.jpeg', '实付满49包邮', 0, '<p><img src=\"/2018-12-13/1544670166665.jpeg\" style=\"max-width:100%;\"><br></p><p><img src=\"/2018-12-13/1544670173354.jpeg\" style=\"max-width:100%;\"><br></p><p><img src=\"/2018-12-13/1544670177084.jpeg\" style=\"max-width:100%;\"><br></p><p><img src=\"/2018-12-13/1544670182095.jpeg\" style=\"max-width:100%;\"><br></p><p><img src=\"/2018-12-13/1544670186020.jpeg\" style=\"max-width:100%;\"><br></p><p><img src=\"/2018-12-13/1544670189854.jpeg\" style=\"max-width:100%;\"><br></p><p><img src=\"/2018-12-13/1544670193582.jpeg\" style=\"max-width:100%;\"><br></p><p><img src=\"/2018-12-13/1544670197755.jpeg\" style=\"max-width:100%;\"><br></p><p><img src=\"/2018-12-13/1544670201994.jpeg\" style=\"max-width:100%;\"><br></p><p><br></p>', '2018-12-13 17:18:06', 2, 3);
INSERT INTO `goods` VALUES (57, '白玉北豆腐盒装385g', '煎焖烧后 还能保持超强韧性', '/2018-12-13/1544669910024.webp', '无', 3.20, 3.90, '/2018-12-13/1544669948487.jpeg,/2018-12-13/1544669948381.jpeg,/2018-12-13/1544669948363.jpeg', '实付满49包邮', 0, '<p><img src=\"/2018-12-13/1544670166665.jpeg\" style=\"max-width:100%;\"><br></p><p><img src=\"/2018-12-13/1544670173354.jpeg\" style=\"max-width:100%;\"><br></p><p><img src=\"/2018-12-13/1544670177084.jpeg\" style=\"max-width:100%;\"><br></p><p><img src=\"/2018-12-13/1544670182095.jpeg\" style=\"max-width:100%;\"><br></p><p><img src=\"/2018-12-13/1544670186020.jpeg\" style=\"max-width:100%;\"><br></p><p><img src=\"/2018-12-13/1544670189854.jpeg\" style=\"max-width:100%;\"><br></p><p><img src=\"/2018-12-13/1544670193582.jpeg\" style=\"max-width:100%;\"><br></p><p><img src=\"/2018-12-13/1544670197755.jpeg\" style=\"max-width:100%;\"><br></p><p><img src=\"/2018-12-13/1544670201994.jpeg\" style=\"max-width:100%;\"><br></p><p><br></p>', '2018-12-13 11:03:30', 2, 3);
INSERT INTO `goods` VALUES (58, '白玉北豆腐盒装385g', '煎焖烧后 还能保持超强韧性', '/2018-12-13/1544669910024.webp', '无', 3.20, 3.90, '/2018-12-13/1544669948487.jpeg,/2018-12-13/1544669948381.jpeg,/2018-12-13/1544669948363.jpeg', '实付满49包邮', 0, '<p><img src=\"/2018-12-13/1544670166665.jpeg\" style=\"max-width:100%;\"><br></p><p><img src=\"/2018-12-13/1544670173354.jpeg\" style=\"max-width:100%;\"><br></p><p><img src=\"/2018-12-13/1544670177084.jpeg\" style=\"max-width:100%;\"><br></p><p><img src=\"/2018-12-13/1544670182095.jpeg\" style=\"max-width:100%;\"><br></p><p><img src=\"/2018-12-13/1544670186020.jpeg\" style=\"max-width:100%;\"><br></p><p><img src=\"/2018-12-13/1544670189854.jpeg\" style=\"max-width:100%;\"><br></p><p><img src=\"/2018-12-13/1544670193582.jpeg\" style=\"max-width:100%;\"><br></p><p><img src=\"/2018-12-13/1544670197755.jpeg\" style=\"max-width:100%;\"><br></p><p><img src=\"/2018-12-13/1544670201994.jpeg\" style=\"max-width:100%;\"><br></p><p><br></p>', '2018-12-13 11:03:33', 2, 3);
INSERT INTO `goods` VALUES (59, '白玉北豆腐盒装385g', '煎焖烧后 还能保持超强韧性', '/2018-12-13/1544669910024.webp', '新人专享，100%权威检测', 3.20, 3.90, '/2018-12-13/1544669948487.jpeg,/2018-12-13/1544669948381.jpeg,/2018-12-13/1544669948363.jpeg', '实付满49包邮', 0, '<p><img src=\"/2018-12-13/1544670166665.jpeg\" style=\"max-width:100%;\"><br></p><p><img src=\"/2018-12-13/1544670173354.jpeg\" style=\"max-width:100%;\"><br></p><p><img src=\"/2018-12-13/1544670177084.jpeg\" style=\"max-width:100%;\"><br></p><p><img src=\"/2018-12-13/1544670182095.jpeg\" style=\"max-width:100%;\"><br></p><p><img src=\"/2018-12-13/1544670186020.jpeg\" style=\"max-width:100%;\"><br></p><p><img src=\"/2018-12-13/1544670189854.jpeg\" style=\"max-width:100%;\"><br></p><p><img src=\"/2018-12-13/1544670193582.jpeg\" style=\"max-width:100%;\"><br></p><p><img src=\"/2018-12-13/1544670197755.jpeg\" style=\"max-width:100%;\"><br></p><p><img src=\"/2018-12-13/1544670201994.jpeg\" style=\"max-width:100%;\"><br></p><p><br></p>', '2018-12-13 17:18:09', 2, 3);
INSERT INTO `goods` VALUES (60, '白玉北豆腐盒装385g', '煎焖烧后 还能保持超强韧性', '/2018-12-13/1544669910024.webp', '无', 3.20, 3.90, '/2018-12-13/1544669948487.jpeg,/2018-12-13/1544669948381.jpeg,/2018-12-13/1544669948363.jpeg', '实付满49包邮', 0, '<p><img src=\"/2018-12-13/1544670166665.jpeg\" style=\"max-width:100%;\"><br></p><p><img src=\"/2018-12-13/1544670173354.jpeg\" style=\"max-width:100%;\"><br></p><p><img src=\"/2018-12-13/1544670177084.jpeg\" style=\"max-width:100%;\"><br></p><p><img src=\"/2018-12-13/1544670182095.jpeg\" style=\"max-width:100%;\"><br></p><p><img src=\"/2018-12-13/1544670186020.jpeg\" style=\"max-width:100%;\"><br></p><p><img src=\"/2018-12-13/1544670189854.jpeg\" style=\"max-width:100%;\"><br></p><p><img src=\"/2018-12-13/1544670193582.jpeg\" style=\"max-width:100%;\"><br></p><p><img src=\"/2018-12-13/1544670197755.jpeg\" style=\"max-width:100%;\"><br></p><p><img src=\"/2018-12-13/1544670201994.jpeg\" style=\"max-width:100%;\"><br></p><p><br></p>', '2018-12-13 11:03:37', 2, 3);
INSERT INTO `goods` VALUES (61, '白玉北豆腐盒装385g', '煎焖烧后 还能保持超强韧性', '/2018-12-13/1544669910024.webp', '无', 3.20, 3.90, '/2018-12-13/1544669948487.jpeg,/2018-12-13/1544669948381.jpeg,/2018-12-13/1544669948363.jpeg', '实付满49包邮', 0, '<p><img src=\"/2018-12-13/1544670166665.jpeg\" style=\"max-width:100%;\"><br></p><p><img src=\"/2018-12-13/1544670173354.jpeg\" style=\"max-width:100%;\"><br></p><p><img src=\"/2018-12-13/1544670177084.jpeg\" style=\"max-width:100%;\"><br></p><p><img src=\"/2018-12-13/1544670182095.jpeg\" style=\"max-width:100%;\"><br></p><p><img src=\"/2018-12-13/1544670186020.jpeg\" style=\"max-width:100%;\"><br></p><p><img src=\"/2018-12-13/1544670189854.jpeg\" style=\"max-width:100%;\"><br></p><p><img src=\"/2018-12-13/1544670193582.jpeg\" style=\"max-width:100%;\"><br></p><p><img src=\"/2018-12-13/1544670197755.jpeg\" style=\"max-width:100%;\"><br></p><p><img src=\"/2018-12-13/1544670201994.jpeg\" style=\"max-width:100%;\"><br></p><p><br></p>', '2018-12-13 11:03:46', 2, 4);
INSERT INTO `goods` VALUES (62, '白玉北豆腐盒装385g', '煎焖烧后 还能保持超强韧性', '/2018-12-13/1544669910024.webp', '无', 3.20, 3.90, '/2018-12-13/1544669948487.jpeg,/2018-12-13/1544669948381.jpeg,/2018-12-13/1544669948363.jpeg', '实付满49包邮', 0, '<p><img src=\"/2018-12-13/1544670166665.jpeg\" style=\"max-width:100%;\"><br></p><p><img src=\"/2018-12-13/1544670173354.jpeg\" style=\"max-width:100%;\"><br></p><p><img src=\"/2018-12-13/1544670177084.jpeg\" style=\"max-width:100%;\"><br></p><p><img src=\"/2018-12-13/1544670182095.jpeg\" style=\"max-width:100%;\"><br></p><p><img src=\"/2018-12-13/1544670186020.jpeg\" style=\"max-width:100%;\"><br></p><p><img src=\"/2018-12-13/1544670189854.jpeg\" style=\"max-width:100%;\"><br></p><p><img src=\"/2018-12-13/1544670193582.jpeg\" style=\"max-width:100%;\"><br></p><p><img src=\"/2018-12-13/1544670197755.jpeg\" style=\"max-width:100%;\"><br></p><p><img src=\"/2018-12-13/1544670201994.jpeg\" style=\"max-width:100%;\"><br></p><p><br></p>', '2018-12-13 11:03:49', 2, 4);
INSERT INTO `goods` VALUES (63, '白玉北豆腐盒装385g', '煎焖烧后 还能保持超强韧性', '/2018-12-13/1544669910024.webp', '无', 3.20, 3.90, '/2018-12-13/1544669948487.jpeg,/2018-12-13/1544669948381.jpeg,/2018-12-13/1544669948363.jpeg', '实付满49包邮', 0, '<p><img src=\"/2018-12-13/1544670166665.jpeg\" style=\"max-width:100%;\"><br></p><p><img src=\"/2018-12-13/1544670173354.jpeg\" style=\"max-width:100%;\"><br></p><p><img src=\"/2018-12-13/1544670177084.jpeg\" style=\"max-width:100%;\"><br></p><p><img src=\"/2018-12-13/1544670182095.jpeg\" style=\"max-width:100%;\"><br></p><p><img src=\"/2018-12-13/1544670186020.jpeg\" style=\"max-width:100%;\"><br></p><p><img src=\"/2018-12-13/1544670189854.jpeg\" style=\"max-width:100%;\"><br></p><p><img src=\"/2018-12-13/1544670193582.jpeg\" style=\"max-width:100%;\"><br></p><p><img src=\"/2018-12-13/1544670197755.jpeg\" style=\"max-width:100%;\"><br></p><p><img src=\"/2018-12-13/1544670201994.jpeg\" style=\"max-width:100%;\"><br></p><p><br></p>', '2018-12-13 11:03:51', 2, 4);
INSERT INTO `goods` VALUES (64, '白玉北豆腐盒装385g', '煎焖烧后 还能保持超强韧性', '/2018-12-13/1544669910024.webp', '无', 3.20, 3.90, '/2018-12-13/1544669948487.jpeg,/2018-12-13/1544669948381.jpeg,/2018-12-13/1544669948363.jpeg', '实付满49包邮', 0, '<p><img src=\"/2018-12-13/1544670166665.jpeg\" style=\"max-width:100%;\"><br></p><p><img src=\"/2018-12-13/1544670173354.jpeg\" style=\"max-width:100%;\"><br></p><p><img src=\"/2018-12-13/1544670177084.jpeg\" style=\"max-width:100%;\"><br></p><p><img src=\"/2018-12-13/1544670182095.jpeg\" style=\"max-width:100%;\"><br></p><p><img src=\"/2018-12-13/1544670186020.jpeg\" style=\"max-width:100%;\"><br></p><p><img src=\"/2018-12-13/1544670189854.jpeg\" style=\"max-width:100%;\"><br></p><p><img src=\"/2018-12-13/1544670193582.jpeg\" style=\"max-width:100%;\"><br></p><p><img src=\"/2018-12-13/1544670197755.jpeg\" style=\"max-width:100%;\"><br></p><p><img src=\"/2018-12-13/1544670201994.jpeg\" style=\"max-width:100%;\"><br></p><p><br></p>', '2018-12-13 11:03:52', 2, 4);
INSERT INTO `goods` VALUES (65, '白玉北豆腐盒装385g', '煎焖烧后 还能保持超强韧性', '/2018-12-13/1544669910024.webp', '无', 3.20, 3.90, '/2018-12-13/1544669948487.jpeg,/2018-12-13/1544669948381.jpeg,/2018-12-13/1544669948363.jpeg', '实付满49包邮', 0, '<p><img src=\"/2018-12-13/1544670166665.jpeg\" style=\"max-width:100%;\"><br></p><p><img src=\"/2018-12-13/1544670173354.jpeg\" style=\"max-width:100%;\"><br></p><p><img src=\"/2018-12-13/1544670177084.jpeg\" style=\"max-width:100%;\"><br></p><p><img src=\"/2018-12-13/1544670182095.jpeg\" style=\"max-width:100%;\"><br></p><p><img src=\"/2018-12-13/1544670186020.jpeg\" style=\"max-width:100%;\"><br></p><p><img src=\"/2018-12-13/1544670189854.jpeg\" style=\"max-width:100%;\"><br></p><p><img src=\"/2018-12-13/1544670193582.jpeg\" style=\"max-width:100%;\"><br></p><p><img src=\"/2018-12-13/1544670197755.jpeg\" style=\"max-width:100%;\"><br></p><p><img src=\"/2018-12-13/1544670201994.jpeg\" style=\"max-width:100%;\"><br></p><p><br></p>', '2018-12-13 11:03:55', 2, 4);
INSERT INTO `goods` VALUES (66, '白玉北豆腐盒装385g', '煎焖烧后 还能保持超强韧性', '/2018-12-13/1544669910024.webp', '无', 3.20, 3.90, '/2018-12-13/1544669948487.jpeg,/2018-12-13/1544669948381.jpeg,/2018-12-13/1544669948363.jpeg', '实付满49包邮', 0, '<p><img src=\"/2018-12-13/1544670166665.jpeg\" style=\"max-width:100%;\"><br></p><p><img src=\"/2018-12-13/1544670173354.jpeg\" style=\"max-width:100%;\"><br></p><p><img src=\"/2018-12-13/1544670177084.jpeg\" style=\"max-width:100%;\"><br></p><p><img src=\"/2018-12-13/1544670182095.jpeg\" style=\"max-width:100%;\"><br></p><p><img src=\"/2018-12-13/1544670186020.jpeg\" style=\"max-width:100%;\"><br></p><p><img src=\"/2018-12-13/1544670189854.jpeg\" style=\"max-width:100%;\"><br></p><p><img src=\"/2018-12-13/1544670193582.jpeg\" style=\"max-width:100%;\"><br></p><p><img src=\"/2018-12-13/1544670197755.jpeg\" style=\"max-width:100%;\"><br></p><p><img src=\"/2018-12-13/1544670201994.jpeg\" style=\"max-width:100%;\"><br></p><p><br></p>', '2018-12-13 11:04:02', 2, 6);
INSERT INTO `goods` VALUES (67, '白玉北豆腐盒装385g', '煎焖烧后 还能保持超强韧性', '/2018-12-13/1544669910024.webp', '无', 3.20, 3.90, '/2018-12-13/1544669948487.jpeg,/2018-12-13/1544669948381.jpeg,/2018-12-13/1544669948363.jpeg', '实付满49包邮', 0, '<p><img src=\"/2018-12-13/1544670166665.jpeg\" style=\"max-width:100%;\"><br></p><p><img src=\"/2018-12-13/1544670173354.jpeg\" style=\"max-width:100%;\"><br></p><p><img src=\"/2018-12-13/1544670177084.jpeg\" style=\"max-width:100%;\"><br></p><p><img src=\"/2018-12-13/1544670182095.jpeg\" style=\"max-width:100%;\"><br></p><p><img src=\"/2018-12-13/1544670186020.jpeg\" style=\"max-width:100%;\"><br></p><p><img src=\"/2018-12-13/1544670189854.jpeg\" style=\"max-width:100%;\"><br></p><p><img src=\"/2018-12-13/1544670193582.jpeg\" style=\"max-width:100%;\"><br></p><p><img src=\"/2018-12-13/1544670197755.jpeg\" style=\"max-width:100%;\"><br></p><p><img src=\"/2018-12-13/1544670201994.jpeg\" style=\"max-width:100%;\"><br></p><p><br></p>', '2018-12-13 11:04:03', 2, 6);
INSERT INTO `goods` VALUES (68, '白玉北豆腐盒装385g', '煎焖烧后 还能保持超强韧性', '/2018-12-13/1544669910024.webp', '无', 3.20, 3.90, '/2018-12-13/1544669948487.jpeg,/2018-12-13/1544669948381.jpeg,/2018-12-13/1544669948363.jpeg', '实付满49包邮', 0, '<p><img src=\"/2018-12-13/1544670166665.jpeg\" style=\"max-width:100%;\"><br></p><p><img src=\"/2018-12-13/1544670173354.jpeg\" style=\"max-width:100%;\"><br></p><p><img src=\"/2018-12-13/1544670177084.jpeg\" style=\"max-width:100%;\"><br></p><p><img src=\"/2018-12-13/1544670182095.jpeg\" style=\"max-width:100%;\"><br></p><p><img src=\"/2018-12-13/1544670186020.jpeg\" style=\"max-width:100%;\"><br></p><p><img src=\"/2018-12-13/1544670189854.jpeg\" style=\"max-width:100%;\"><br></p><p><img src=\"/2018-12-13/1544670193582.jpeg\" style=\"max-width:100%;\"><br></p><p><img src=\"/2018-12-13/1544670197755.jpeg\" style=\"max-width:100%;\"><br></p><p><img src=\"/2018-12-13/1544670201994.jpeg\" style=\"max-width:100%;\"><br></p><p><br></p>', '2018-12-13 11:04:05', 2, 6);
INSERT INTO `goods` VALUES (69, '白玉北豆腐盒装385g', '煎焖烧后 还能保持超强韧性', '/2018-12-13/1544669910024.webp', '新人专享，100%权威检测', 3.20, 3.90, '/2018-12-13/1544669948487.jpeg,/2018-12-13/1544669948381.jpeg,/2018-12-13/1544669948363.jpeg', '实付满49包邮', 0, '<p><img src=\"/2018-12-13/1544670166665.jpeg\" style=\"max-width:100%;\"><br></p><p><img src=\"/2018-12-13/1544670173354.jpeg\" style=\"max-width:100%;\"><br></p><p><img src=\"/2018-12-13/1544670177084.jpeg\" style=\"max-width:100%;\"><br></p><p><img src=\"/2018-12-13/1544670182095.jpeg\" style=\"max-width:100%;\"><br></p><p><img src=\"/2018-12-13/1544670186020.jpeg\" style=\"max-width:100%;\"><br></p><p><img src=\"/2018-12-13/1544670189854.jpeg\" style=\"max-width:100%;\"><br></p><p><img src=\"/2018-12-13/1544670193582.jpeg\" style=\"max-width:100%;\"><br></p><p><img src=\"/2018-12-13/1544670197755.jpeg\" style=\"max-width:100%;\"><br></p><p><img src=\"/2018-12-13/1544670201994.jpeg\" style=\"max-width:100%;\"><br></p><p><br></p>', '2018-12-13 17:18:14', 2, 6);
INSERT INTO `goods` VALUES (70, '白玉北豆腐盒装385g', '煎焖烧后 还能保持超强韧性', '/2018-12-13/1544669910024.webp', '无', 3.20, 3.90, '/2018-12-13/1544669948487.jpeg,/2018-12-13/1544669948381.jpeg,/2018-12-13/1544669948363.jpeg', '实付满49包邮', 0, '<p><img src=\"/2018-12-13/1544670166665.jpeg\" style=\"max-width:100%;\"><br></p><p><img src=\"/2018-12-13/1544670173354.jpeg\" style=\"max-width:100%;\"><br></p><p><img src=\"/2018-12-13/1544670177084.jpeg\" style=\"max-width:100%;\"><br></p><p><img src=\"/2018-12-13/1544670182095.jpeg\" style=\"max-width:100%;\"><br></p><p><img src=\"/2018-12-13/1544670186020.jpeg\" style=\"max-width:100%;\"><br></p><p><img src=\"/2018-12-13/1544670189854.jpeg\" style=\"max-width:100%;\"><br></p><p><img src=\"/2018-12-13/1544670193582.jpeg\" style=\"max-width:100%;\"><br></p><p><img src=\"/2018-12-13/1544670197755.jpeg\" style=\"max-width:100%;\"><br></p><p><img src=\"/2018-12-13/1544670201994.jpeg\" style=\"max-width:100%;\"><br></p><p><br></p>', '2018-12-13 11:04:14', 2, 9);
INSERT INTO `goods` VALUES (71, '白玉北豆腐盒装385g', '煎焖烧后 还能保持超强韧性', '/2018-12-13/1544669910024.webp', '无', 3.20, 3.90, '/2018-12-13/1544669948487.jpeg,/2018-12-13/1544669948381.jpeg,/2018-12-13/1544669948363.jpeg', '实付满49包邮', 0, '<p><img src=\"/2018-12-13/1544670166665.jpeg\" style=\"max-width:100%;\"><br></p><p><img src=\"/2018-12-13/1544670173354.jpeg\" style=\"max-width:100%;\"><br></p><p><img src=\"/2018-12-13/1544670177084.jpeg\" style=\"max-width:100%;\"><br></p><p><img src=\"/2018-12-13/1544670182095.jpeg\" style=\"max-width:100%;\"><br></p><p><img src=\"/2018-12-13/1544670186020.jpeg\" style=\"max-width:100%;\"><br></p><p><img src=\"/2018-12-13/1544670189854.jpeg\" style=\"max-width:100%;\"><br></p><p><img src=\"/2018-12-13/1544670193582.jpeg\" style=\"max-width:100%;\"><br></p><p><img src=\"/2018-12-13/1544670197755.jpeg\" style=\"max-width:100%;\"><br></p><p><img src=\"/2018-12-13/1544670201994.jpeg\" style=\"max-width:100%;\"><br></p><p><br></p>', '2018-12-13 11:04:16', 2, 9);
INSERT INTO `goods` VALUES (72, '白玉北豆腐盒装385g', '煎焖烧后 还能保持超强韧性', '/2018-12-13/1544669910024.webp', '无', 3.20, 3.90, '/2018-12-13/1544669948487.jpeg,/2018-12-13/1544669948381.jpeg,/2018-12-13/1544669948363.jpeg', '实付满49包邮', 0, '<p><img src=\"/2018-12-13/1544670166665.jpeg\" style=\"max-width:100%;\"><br></p><p><img src=\"/2018-12-13/1544670173354.jpeg\" style=\"max-width:100%;\"><br></p><p><img src=\"/2018-12-13/1544670177084.jpeg\" style=\"max-width:100%;\"><br></p><p><img src=\"/2018-12-13/1544670182095.jpeg\" style=\"max-width:100%;\"><br></p><p><img src=\"/2018-12-13/1544670186020.jpeg\" style=\"max-width:100%;\"><br></p><p><img src=\"/2018-12-13/1544670189854.jpeg\" style=\"max-width:100%;\"><br></p><p><img src=\"/2018-12-13/1544670193582.jpeg\" style=\"max-width:100%;\"><br></p><p><img src=\"/2018-12-13/1544670197755.jpeg\" style=\"max-width:100%;\"><br></p><p><img src=\"/2018-12-13/1544670201994.jpeg\" style=\"max-width:100%;\"><br></p><p><br></p>', '2018-12-13 11:04:18', 2, 9);
INSERT INTO `goods` VALUES (73, '白玉北豆腐盒装385g', '煎焖烧后 还能保持超强韧性', '/2018-12-13/1544669910024.webp', '无', 3.20, 3.90, '/2018-12-13/1544669948487.jpeg,/2018-12-13/1544669948381.jpeg,/2018-12-13/1544669948363.jpeg', '实付满49包邮', 0, '<p><img src=\"/2018-12-13/1544670166665.jpeg\" style=\"max-width:100%;\"><br></p><p><img src=\"/2018-12-13/1544670173354.jpeg\" style=\"max-width:100%;\"><br></p><p><img src=\"/2018-12-13/1544670177084.jpeg\" style=\"max-width:100%;\"><br></p><p><img src=\"/2018-12-13/1544670182095.jpeg\" style=\"max-width:100%;\"><br></p><p><img src=\"/2018-12-13/1544670186020.jpeg\" style=\"max-width:100%;\"><br></p><p><img src=\"/2018-12-13/1544670189854.jpeg\" style=\"max-width:100%;\"><br></p><p><img src=\"/2018-12-13/1544670193582.jpeg\" style=\"max-width:100%;\"><br></p><p><img src=\"/2018-12-13/1544670197755.jpeg\" style=\"max-width:100%;\"><br></p><p><img src=\"/2018-12-13/1544670201994.jpeg\" style=\"max-width:100%;\"><br></p><p><br></p>', '2018-12-13 11:04:20', 2, 9);
INSERT INTO `goods` VALUES (74, '白玉北豆腐盒装385g', '煎焖烧后 还能保持超强韧性', '/2018-12-13/1544669910024.webp', '无', 3.20, 3.90, '/2018-12-13/1544669948487.jpeg,/2018-12-13/1544669948381.jpeg,/2018-12-13/1544669948363.jpeg', '实付满49包邮', 0, '<p><img src=\"/2018-12-13/1544670166665.jpeg\" style=\"max-width:100%;\"><br></p><p><img src=\"/2018-12-13/1544670173354.jpeg\" style=\"max-width:100%;\"><br></p><p><img src=\"/2018-12-13/1544670177084.jpeg\" style=\"max-width:100%;\"><br></p><p><img src=\"/2018-12-13/1544670182095.jpeg\" style=\"max-width:100%;\"><br></p><p><img src=\"/2018-12-13/1544670186020.jpeg\" style=\"max-width:100%;\"><br></p><p><img src=\"/2018-12-13/1544670189854.jpeg\" style=\"max-width:100%;\"><br></p><p><img src=\"/2018-12-13/1544670193582.jpeg\" style=\"max-width:100%;\"><br></p><p><img src=\"/2018-12-13/1544670197755.jpeg\" style=\"max-width:100%;\"><br></p><p><img src=\"/2018-12-13/1544670201994.jpeg\" style=\"max-width:100%;\"><br></p><p><br></p>', '2018-12-13 11:05:27', 53, 54);
INSERT INTO `goods` VALUES (75, '白玉北豆腐盒装385g', '煎焖烧后 还能保持超强韧性', '/2018-12-13/1544669910024.webp', '无', 3.20, 3.90, '/2018-12-13/1544669948487.jpeg,/2018-12-13/1544669948381.jpeg,/2018-12-13/1544669948363.jpeg', '实付满49包邮', 0, '<p><img src=\"/2018-12-13/1544670166665.jpeg\" style=\"max-width:100%;\"><br></p><p><img src=\"/2018-12-13/1544670173354.jpeg\" style=\"max-width:100%;\"><br></p><p><img src=\"/2018-12-13/1544670177084.jpeg\" style=\"max-width:100%;\"><br></p><p><img src=\"/2018-12-13/1544670182095.jpeg\" style=\"max-width:100%;\"><br></p><p><img src=\"/2018-12-13/1544670186020.jpeg\" style=\"max-width:100%;\"><br></p><p><img src=\"/2018-12-13/1544670189854.jpeg\" style=\"max-width:100%;\"><br></p><p><img src=\"/2018-12-13/1544670193582.jpeg\" style=\"max-width:100%;\"><br></p><p><img src=\"/2018-12-13/1544670197755.jpeg\" style=\"max-width:100%;\"><br></p><p><img src=\"/2018-12-13/1544670201994.jpeg\" style=\"max-width:100%;\"><br></p><p><br></p>', '2018-12-13 11:05:30', 53, 54);
INSERT INTO `goods` VALUES (76, '白玉北豆腐盒装385g', '煎焖烧后 还能保持超强韧性', '/2018-12-13/1544669910024.webp', '无', 3.20, 3.90, '/2018-12-13/1544669948487.jpeg,/2018-12-13/1544669948381.jpeg,/2018-12-13/1544669948363.jpeg', '实付满49包邮', 0, '<p><img src=\"/2018-12-13/1544670166665.jpeg\" style=\"max-width:100%;\"><br></p><p><img src=\"/2018-12-13/1544670173354.jpeg\" style=\"max-width:100%;\"><br></p><p><img src=\"/2018-12-13/1544670177084.jpeg\" style=\"max-width:100%;\"><br></p><p><img src=\"/2018-12-13/1544670182095.jpeg\" style=\"max-width:100%;\"><br></p><p><img src=\"/2018-12-13/1544670186020.jpeg\" style=\"max-width:100%;\"><br></p><p><img src=\"/2018-12-13/1544670189854.jpeg\" style=\"max-width:100%;\"><br></p><p><img src=\"/2018-12-13/1544670193582.jpeg\" style=\"max-width:100%;\"><br></p><p><img src=\"/2018-12-13/1544670197755.jpeg\" style=\"max-width:100%;\"><br></p><p><img src=\"/2018-12-13/1544670201994.jpeg\" style=\"max-width:100%;\"><br></p><p><br></p>', '2018-12-13 11:05:32', 53, 54);
INSERT INTO `goods` VALUES (77, '白玉北豆腐盒装385g', '煎焖烧后 还能保持超强韧性', '/2018-12-13/1544669910024.webp', '新人专享，100%权威检测', 3.20, 3.90, '/2018-12-13/1544669948487.jpeg,/2018-12-13/1544669948381.jpeg,/2018-12-13/1544669948363.jpeg', '实付满49包邮', 0, '<p><img src=\"/2018-12-13/1544670166665.jpeg\" style=\"max-width:100%;\"><br></p><p><img src=\"/2018-12-13/1544670173354.jpeg\" style=\"max-width:100%;\"><br></p><p><img src=\"/2018-12-13/1544670177084.jpeg\" style=\"max-width:100%;\"><br></p><p><img src=\"/2018-12-13/1544670182095.jpeg\" style=\"max-width:100%;\"><br></p><p><img src=\"/2018-12-13/1544670186020.jpeg\" style=\"max-width:100%;\"><br></p><p><img src=\"/2018-12-13/1544670189854.jpeg\" style=\"max-width:100%;\"><br></p><p><img src=\"/2018-12-13/1544670193582.jpeg\" style=\"max-width:100%;\"><br></p><p><img src=\"/2018-12-13/1544670197755.jpeg\" style=\"max-width:100%;\"><br></p><p><img src=\"/2018-12-13/1544670201994.jpeg\" style=\"max-width:100%;\"><br></p><p><br></p>', '2018-12-13 17:18:17', 53, 54);
INSERT INTO `goods` VALUES (78, '白玉北豆腐盒装385g', '煎焖烧后 还能保持超强韧性', '/2018-12-13/1544669910024.webp', '无', 3.20, 3.90, '/2018-12-13/1544669948487.jpeg,/2018-12-13/1544669948381.jpeg,/2018-12-13/1544669948363.jpeg', '实付满49包邮', 0, '<p><img src=\"/2018-12-13/1544670166665.jpeg\" style=\"max-width:100%;\"><br></p><p><img src=\"/2018-12-13/1544670173354.jpeg\" style=\"max-width:100%;\"><br></p><p><img src=\"/2018-12-13/1544670177084.jpeg\" style=\"max-width:100%;\"><br></p><p><img src=\"/2018-12-13/1544670182095.jpeg\" style=\"max-width:100%;\"><br></p><p><img src=\"/2018-12-13/1544670186020.jpeg\" style=\"max-width:100%;\"><br></p><p><img src=\"/2018-12-13/1544670189854.jpeg\" style=\"max-width:100%;\"><br></p><p><img src=\"/2018-12-13/1544670193582.jpeg\" style=\"max-width:100%;\"><br></p><p><img src=\"/2018-12-13/1544670197755.jpeg\" style=\"max-width:100%;\"><br></p><p><img src=\"/2018-12-13/1544670201994.jpeg\" style=\"max-width:100%;\"><br></p><p><br></p>', '2018-12-13 11:05:36', 53, 54);
INSERT INTO `goods` VALUES (79, '白玉北豆腐盒装385g', '煎焖烧后 还能保持超强韧性', '/2018-12-13/1544669910024.webp', '无', 3.20, 3.90, '/2018-12-13/1544669948487.jpeg,/2018-12-13/1544669948381.jpeg,/2018-12-13/1544669948363.jpeg', '实付满49包邮', 0, '<p><img src=\"/2018-12-13/1544670166665.jpeg\" style=\"max-width:100%;\"><br></p><p><img src=\"/2018-12-13/1544670173354.jpeg\" style=\"max-width:100%;\"><br></p><p><img src=\"/2018-12-13/1544670177084.jpeg\" style=\"max-width:100%;\"><br></p><p><img src=\"/2018-12-13/1544670182095.jpeg\" style=\"max-width:100%;\"><br></p><p><img src=\"/2018-12-13/1544670186020.jpeg\" style=\"max-width:100%;\"><br></p><p><img src=\"/2018-12-13/1544670189854.jpeg\" style=\"max-width:100%;\"><br></p><p><img src=\"/2018-12-13/1544670193582.jpeg\" style=\"max-width:100%;\"><br></p><p><img src=\"/2018-12-13/1544670197755.jpeg\" style=\"max-width:100%;\"><br></p><p><img src=\"/2018-12-13/1544670201994.jpeg\" style=\"max-width:100%;\"><br></p><p><br></p>', '2018-12-13 11:05:42', 53, 55);
INSERT INTO `goods` VALUES (80, '白玉北豆腐盒装385g', '煎焖烧后 还能保持超强韧性', '/2018-12-13/1544669910024.webp', '无', 3.20, 3.90, '/2018-12-13/1544669948487.jpeg,/2018-12-13/1544669948381.jpeg,/2018-12-13/1544669948363.jpeg', '实付满49包邮', 0, '<p><img src=\"/2018-12-13/1544670166665.jpeg\" style=\"max-width:100%;\"><br></p><p><img src=\"/2018-12-13/1544670173354.jpeg\" style=\"max-width:100%;\"><br></p><p><img src=\"/2018-12-13/1544670177084.jpeg\" style=\"max-width:100%;\"><br></p><p><img src=\"/2018-12-13/1544670182095.jpeg\" style=\"max-width:100%;\"><br></p><p><img src=\"/2018-12-13/1544670186020.jpeg\" style=\"max-width:100%;\"><br></p><p><img src=\"/2018-12-13/1544670189854.jpeg\" style=\"max-width:100%;\"><br></p><p><img src=\"/2018-12-13/1544670193582.jpeg\" style=\"max-width:100%;\"><br></p><p><img src=\"/2018-12-13/1544670197755.jpeg\" style=\"max-width:100%;\"><br></p><p><img src=\"/2018-12-13/1544670201994.jpeg\" style=\"max-width:100%;\"><br></p><p><br></p>', '2018-12-13 11:05:44', 53, 55);
INSERT INTO `goods` VALUES (81, '白玉北豆腐盒装385g', '煎焖烧后 还能保持超强韧性', '/2018-12-13/1544669910024.webp', '无', 3.20, 3.90, '/2018-12-13/1544669948487.jpeg,/2018-12-13/1544669948381.jpeg,/2018-12-13/1544669948363.jpeg', '实付满49包邮', 0, '<p><img src=\"/2018-12-13/1544670166665.jpeg\" style=\"max-width:100%;\"><br></p><p><img src=\"/2018-12-13/1544670173354.jpeg\" style=\"max-width:100%;\"><br></p><p><img src=\"/2018-12-13/1544670177084.jpeg\" style=\"max-width:100%;\"><br></p><p><img src=\"/2018-12-13/1544670182095.jpeg\" style=\"max-width:100%;\"><br></p><p><img src=\"/2018-12-13/1544670186020.jpeg\" style=\"max-width:100%;\"><br></p><p><img src=\"/2018-12-13/1544670189854.jpeg\" style=\"max-width:100%;\"><br></p><p><img src=\"/2018-12-13/1544670193582.jpeg\" style=\"max-width:100%;\"><br></p><p><img src=\"/2018-12-13/1544670197755.jpeg\" style=\"max-width:100%;\"><br></p><p><img src=\"/2018-12-13/1544670201994.jpeg\" style=\"max-width:100%;\"><br></p><p><br></p>', '2018-12-13 11:05:46', 53, 55);
INSERT INTO `goods` VALUES (82, '白玉北豆腐盒装385g', '煎焖烧后 还能保持超强韧性', '/2018-12-13/1544669910024.webp', '无', 3.20, 3.90, '/2018-12-13/1544669948487.jpeg,/2018-12-13/1544669948381.jpeg,/2018-12-13/1544669948363.jpeg', '实付满49包邮', 0, '<p><img src=\"/2018-12-13/1544670166665.jpeg\" style=\"max-width:100%;\"><br></p><p><img src=\"/2018-12-13/1544670173354.jpeg\" style=\"max-width:100%;\"><br></p><p><img src=\"/2018-12-13/1544670177084.jpeg\" style=\"max-width:100%;\"><br></p><p><img src=\"/2018-12-13/1544670182095.jpeg\" style=\"max-width:100%;\"><br></p><p><img src=\"/2018-12-13/1544670186020.jpeg\" style=\"max-width:100%;\"><br></p><p><img src=\"/2018-12-13/1544670189854.jpeg\" style=\"max-width:100%;\"><br></p><p><img src=\"/2018-12-13/1544670193582.jpeg\" style=\"max-width:100%;\"><br></p><p><img src=\"/2018-12-13/1544670197755.jpeg\" style=\"max-width:100%;\"><br></p><p><img src=\"/2018-12-13/1544670201994.jpeg\" style=\"max-width:100%;\"><br></p><p><br></p>', '2018-12-13 11:05:48', 53, 55);
INSERT INTO `goods` VALUES (83, '白玉北豆腐盒装385g', '煎焖烧后 还能保持超强韧性', '/2018-12-13/1544669910024.webp', '无', 3.20, 3.90, '/2018-12-13/1544669948487.jpeg,/2018-12-13/1544669948381.jpeg,/2018-12-13/1544669948363.jpeg', '实付满49包邮', 0, '<p><img src=\"/2018-12-13/1544670166665.jpeg\" style=\"max-width:100%;\"><br></p><p><img src=\"/2018-12-13/1544670173354.jpeg\" style=\"max-width:100%;\"><br></p><p><img src=\"/2018-12-13/1544670177084.jpeg\" style=\"max-width:100%;\"><br></p><p><img src=\"/2018-12-13/1544670182095.jpeg\" style=\"max-width:100%;\"><br></p><p><img src=\"/2018-12-13/1544670186020.jpeg\" style=\"max-width:100%;\"><br></p><p><img src=\"/2018-12-13/1544670189854.jpeg\" style=\"max-width:100%;\"><br></p><p><img src=\"/2018-12-13/1544670193582.jpeg\" style=\"max-width:100%;\"><br></p><p><img src=\"/2018-12-13/1544670197755.jpeg\" style=\"max-width:100%;\"><br></p><p><img src=\"/2018-12-13/1544670201994.jpeg\" style=\"max-width:100%;\"><br></p><p><br></p>', '2018-12-13 11:05:50', 53, 55);
INSERT INTO `goods` VALUES (84, '白玉北豆腐盒装385g', '煎焖烧后 还能保持超强韧性', '/2018-12-13/1544669910024.webp', '无', 3.20, 3.90, '/2018-12-13/1544669948487.jpeg,/2018-12-13/1544669948381.jpeg,/2018-12-13/1544669948363.jpeg', '实付满49包邮', 0, '<p><img src=\"/2018-12-13/1544670166665.jpeg\" style=\"max-width:100%;\"><br></p><p><img src=\"/2018-12-13/1544670173354.jpeg\" style=\"max-width:100%;\"><br></p><p><img src=\"/2018-12-13/1544670177084.jpeg\" style=\"max-width:100%;\"><br></p><p><img src=\"/2018-12-13/1544670182095.jpeg\" style=\"max-width:100%;\"><br></p><p><img src=\"/2018-12-13/1544670186020.jpeg\" style=\"max-width:100%;\"><br></p><p><img src=\"/2018-12-13/1544670189854.jpeg\" style=\"max-width:100%;\"><br></p><p><img src=\"/2018-12-13/1544670193582.jpeg\" style=\"max-width:100%;\"><br></p><p><img src=\"/2018-12-13/1544670197755.jpeg\" style=\"max-width:100%;\"><br></p><p><img src=\"/2018-12-13/1544670201994.jpeg\" style=\"max-width:100%;\"><br></p><p><br></p>', '2018-12-13 11:05:58', 53, 56);
INSERT INTO `goods` VALUES (85, '白玉北豆腐盒装385g', '煎焖烧后 还能保持超强韧性', '/2018-12-13/1544669910024.webp', '无', 3.20, 3.90, '/2018-12-13/1544669948487.jpeg,/2018-12-13/1544669948381.jpeg,/2018-12-13/1544669948363.jpeg', '实付满49包邮', 0, '<p><img src=\"/2018-12-13/1544670166665.jpeg\" style=\"max-width:100%;\"><br></p><p><img src=\"/2018-12-13/1544670173354.jpeg\" style=\"max-width:100%;\"><br></p><p><img src=\"/2018-12-13/1544670177084.jpeg\" style=\"max-width:100%;\"><br></p><p><img src=\"/2018-12-13/1544670182095.jpeg\" style=\"max-width:100%;\"><br></p><p><img src=\"/2018-12-13/1544670186020.jpeg\" style=\"max-width:100%;\"><br></p><p><img src=\"/2018-12-13/1544670189854.jpeg\" style=\"max-width:100%;\"><br></p><p><img src=\"/2018-12-13/1544670193582.jpeg\" style=\"max-width:100%;\"><br></p><p><img src=\"/2018-12-13/1544670197755.jpeg\" style=\"max-width:100%;\"><br></p><p><img src=\"/2018-12-13/1544670201994.jpeg\" style=\"max-width:100%;\"><br></p><p><br></p>', '2018-12-13 11:06:00', 53, 56);
INSERT INTO `goods` VALUES (86, '白玉北豆腐盒装385g', '煎焖烧后 还能保持超强韧性', '/2018-12-13/1544669910024.webp', '新人专享，100%权威检测', 3.20, 3.90, '/2018-12-13/1544669948487.jpeg,/2018-12-13/1544669948381.jpeg,/2018-12-13/1544669948363.jpeg', '实付满49包邮', 0, '<p><img src=\"/2018-12-13/1544670166665.jpeg\" style=\"max-width:100%;\"><br></p><p><img src=\"/2018-12-13/1544670173354.jpeg\" style=\"max-width:100%;\"><br></p><p><img src=\"/2018-12-13/1544670177084.jpeg\" style=\"max-width:100%;\"><br></p><p><img src=\"/2018-12-13/1544670182095.jpeg\" style=\"max-width:100%;\"><br></p><p><img src=\"/2018-12-13/1544670186020.jpeg\" style=\"max-width:100%;\"><br></p><p><img src=\"/2018-12-13/1544670189854.jpeg\" style=\"max-width:100%;\"><br></p><p><img src=\"/2018-12-13/1544670193582.jpeg\" style=\"max-width:100%;\"><br></p><p><img src=\"/2018-12-13/1544670197755.jpeg\" style=\"max-width:100%;\"><br></p><p><img src=\"/2018-12-13/1544670201994.jpeg\" style=\"max-width:100%;\"><br></p><p><br></p>', '2018-12-13 17:18:21', 53, 56);
INSERT INTO `goods` VALUES (87, '白玉北豆腐盒装385g', '煎焖烧后 还能保持超强韧性', '/2018-12-13/1544669910024.webp', '无', 3.20, 3.90, '/2018-12-13/1544669948487.jpeg,/2018-12-13/1544669948381.jpeg,/2018-12-13/1544669948363.jpeg', '实付满49包邮', 0, '<p><img src=\"/2018-12-13/1544670166665.jpeg\" style=\"max-width:100%;\"><br></p><p><img src=\"/2018-12-13/1544670173354.jpeg\" style=\"max-width:100%;\"><br></p><p><img src=\"/2018-12-13/1544670177084.jpeg\" style=\"max-width:100%;\"><br></p><p><img src=\"/2018-12-13/1544670182095.jpeg\" style=\"max-width:100%;\"><br></p><p><img src=\"/2018-12-13/1544670186020.jpeg\" style=\"max-width:100%;\"><br></p><p><img src=\"/2018-12-13/1544670189854.jpeg\" style=\"max-width:100%;\"><br></p><p><img src=\"/2018-12-13/1544670193582.jpeg\" style=\"max-width:100%;\"><br></p><p><img src=\"/2018-12-13/1544670197755.jpeg\" style=\"max-width:100%;\"><br></p><p><img src=\"/2018-12-13/1544670201994.jpeg\" style=\"max-width:100%;\"><br></p><p><br></p>', '2018-12-13 11:06:04', 53, 56);
INSERT INTO `goods` VALUES (88, '白玉北豆腐盒装385g', '煎焖烧后 还能保持超强韧性', '/2018-12-13/1544669910024.webp', '无', 3.20, 3.90, '/2018-12-13/1544669948487.jpeg,/2018-12-13/1544669948381.jpeg,/2018-12-13/1544669948363.jpeg', '实付满49包邮', 0, '<p><img src=\"/2018-12-13/1544670166665.jpeg\" style=\"max-width:100%;\"><br></p><p><img src=\"/2018-12-13/1544670173354.jpeg\" style=\"max-width:100%;\"><br></p><p><img src=\"/2018-12-13/1544670177084.jpeg\" style=\"max-width:100%;\"><br></p><p><img src=\"/2018-12-13/1544670182095.jpeg\" style=\"max-width:100%;\"><br></p><p><img src=\"/2018-12-13/1544670186020.jpeg\" style=\"max-width:100%;\"><br></p><p><img src=\"/2018-12-13/1544670189854.jpeg\" style=\"max-width:100%;\"><br></p><p><img src=\"/2018-12-13/1544670193582.jpeg\" style=\"max-width:100%;\"><br></p><p><img src=\"/2018-12-13/1544670197755.jpeg\" style=\"max-width:100%;\"><br></p><p><img src=\"/2018-12-13/1544670201994.jpeg\" style=\"max-width:100%;\"><br></p><p><br></p>', '2018-12-13 11:06:06', 53, 56);
INSERT INTO `goods` VALUES (89, '白玉北豆腐盒装385g', '煎焖烧后 还能保持超强韧性', '/2018-12-13/1544669910024.webp', '新人专享，100%权威检测', 3.20, 3.90, '/2018-12-13/1544669948487.jpeg,/2018-12-13/1544669948381.jpeg,/2018-12-13/1544669948363.jpeg', '实付满49包邮', 0, '<p><img src=\"/2018-12-13/1544670166665.jpeg\" style=\"max-width:100%;\"><br></p><p><img src=\"/2018-12-13/1544670173354.jpeg\" style=\"max-width:100%;\"><br></p><p><img src=\"/2018-12-13/1544670177084.jpeg\" style=\"max-width:100%;\"><br></p><p><img src=\"/2018-12-13/1544670182095.jpeg\" style=\"max-width:100%;\"><br></p><p><img src=\"/2018-12-13/1544670186020.jpeg\" style=\"max-width:100%;\"><br></p><p><img src=\"/2018-12-13/1544670189854.jpeg\" style=\"max-width:100%;\"><br></p><p><img src=\"/2018-12-13/1544670193582.jpeg\" style=\"max-width:100%;\"><br></p><p><img src=\"/2018-12-13/1544670197755.jpeg\" style=\"max-width:100%;\"><br></p><p><img src=\"/2018-12-13/1544670201994.jpeg\" style=\"max-width:100%;\"><br></p><p><br></p>', '2018-12-13 17:18:45', 53, 57);
INSERT INTO `goods` VALUES (90, '白玉北豆腐盒装385g', '煎焖烧后 还能保持超强韧性', '/2018-12-13/1544669910024.webp', '无', 3.20, 3.90, '/2018-12-13/1544669948487.jpeg,/2018-12-13/1544669948381.jpeg,/2018-12-13/1544669948363.jpeg', '实付满49包邮', 0, '<p><img src=\"/2018-12-13/1544670166665.jpeg\" style=\"max-width:100%;\"><br></p><p><img src=\"/2018-12-13/1544670173354.jpeg\" style=\"max-width:100%;\"><br></p><p><img src=\"/2018-12-13/1544670177084.jpeg\" style=\"max-width:100%;\"><br></p><p><img src=\"/2018-12-13/1544670182095.jpeg\" style=\"max-width:100%;\"><br></p><p><img src=\"/2018-12-13/1544670186020.jpeg\" style=\"max-width:100%;\"><br></p><p><img src=\"/2018-12-13/1544670189854.jpeg\" style=\"max-width:100%;\"><br></p><p><img src=\"/2018-12-13/1544670193582.jpeg\" style=\"max-width:100%;\"><br></p><p><img src=\"/2018-12-13/1544670197755.jpeg\" style=\"max-width:100%;\"><br></p><p><img src=\"/2018-12-13/1544670201994.jpeg\" style=\"max-width:100%;\"><br></p><p><br></p>', '2018-12-13 11:06:16', 53, 57);
INSERT INTO `goods` VALUES (91, '白玉北豆腐盒装385g', '煎焖烧后 还能保持超强韧性', '/2018-12-13/1544669910024.webp', '无', 3.20, 3.90, '/2018-12-13/1544669948487.jpeg,/2018-12-13/1544669948381.jpeg,/2018-12-13/1544669948363.jpeg', '实付满49包邮', 0, '<p><img src=\"/2018-12-13/1544670166665.jpeg\" style=\"max-width:100%;\"><br></p><p><img src=\"/2018-12-13/1544670173354.jpeg\" style=\"max-width:100%;\"><br></p><p><img src=\"/2018-12-13/1544670177084.jpeg\" style=\"max-width:100%;\"><br></p><p><img src=\"/2018-12-13/1544670182095.jpeg\" style=\"max-width:100%;\"><br></p><p><img src=\"/2018-12-13/1544670186020.jpeg\" style=\"max-width:100%;\"><br></p><p><img src=\"/2018-12-13/1544670189854.jpeg\" style=\"max-width:100%;\"><br></p><p><img src=\"/2018-12-13/1544670193582.jpeg\" style=\"max-width:100%;\"><br></p><p><img src=\"/2018-12-13/1544670197755.jpeg\" style=\"max-width:100%;\"><br></p><p><img src=\"/2018-12-13/1544670201994.jpeg\" style=\"max-width:100%;\"><br></p><p><br></p>', '2018-12-13 11:06:18', 53, 57);
INSERT INTO `goods` VALUES (92, '白玉北豆腐盒装385g', '煎焖烧后 还能保持超强韧性', '/2018-12-13/1544669910024.webp', '无', 3.20, 3.90, '/2018-12-13/1544669948487.jpeg,/2018-12-13/1544669948381.jpeg,/2018-12-13/1544669948363.jpeg', '实付满49包邮', 0, '<p><img src=\"/2018-12-13/1544670166665.jpeg\" style=\"max-width:100%;\"><br></p><p><img src=\"/2018-12-13/1544670173354.jpeg\" style=\"max-width:100%;\"><br></p><p><img src=\"/2018-12-13/1544670177084.jpeg\" style=\"max-width:100%;\"><br></p><p><img src=\"/2018-12-13/1544670182095.jpeg\" style=\"max-width:100%;\"><br></p><p><img src=\"/2018-12-13/1544670186020.jpeg\" style=\"max-width:100%;\"><br></p><p><img src=\"/2018-12-13/1544670189854.jpeg\" style=\"max-width:100%;\"><br></p><p><img src=\"/2018-12-13/1544670193582.jpeg\" style=\"max-width:100%;\"><br></p><p><img src=\"/2018-12-13/1544670197755.jpeg\" style=\"max-width:100%;\"><br></p><p><img src=\"/2018-12-13/1544670201994.jpeg\" style=\"max-width:100%;\"><br></p><p><br></p>', '2018-12-13 11:06:20', 53, 57);
INSERT INTO `goods` VALUES (93, '白玉北豆腐盒装385g', '煎焖烧后 还能保持超强韧性', '/2018-12-13/1544669910024.webp', '新人专享，100%权威检测', 3.20, 3.90, '/2018-12-13/1544669948487.jpeg,/2018-12-13/1544669948381.jpeg,/2018-12-13/1544669948363.jpeg', '实付满49包邮', 0, '<p><img src=\"/2018-12-13/1544670166665.jpeg\" style=\"max-width:100%;\"><br></p><p><img src=\"/2018-12-13/1544670173354.jpeg\" style=\"max-width:100%;\"><br></p><p><img src=\"/2018-12-13/1544670177084.jpeg\" style=\"max-width:100%;\"><br></p><p><img src=\"/2018-12-13/1544670182095.jpeg\" style=\"max-width:100%;\"><br></p><p><img src=\"/2018-12-13/1544670186020.jpeg\" style=\"max-width:100%;\"><br></p><p><img src=\"/2018-12-13/1544670189854.jpeg\" style=\"max-width:100%;\"><br></p><p><img src=\"/2018-12-13/1544670193582.jpeg\" style=\"max-width:100%;\"><br></p><p><img src=\"/2018-12-13/1544670197755.jpeg\" style=\"max-width:100%;\"><br></p><p><img src=\"/2018-12-13/1544670201994.jpeg\" style=\"max-width:100%;\"><br></p><p><br></p>', '2018-12-13 17:18:49', 53, 58);
INSERT INTO `goods` VALUES (94, '白玉北豆腐盒装385g', '煎焖烧后 还能保持超强韧性', '/2018-12-13/1544669910024.webp', '无', 3.20, 3.90, '/2018-12-13/1544669948487.jpeg,/2018-12-13/1544669948381.jpeg,/2018-12-13/1544669948363.jpeg', '实付满49包邮', 0, '<p><img src=\"/2018-12-13/1544670166665.jpeg\" style=\"max-width:100%;\"><br></p><p><img src=\"/2018-12-13/1544670173354.jpeg\" style=\"max-width:100%;\"><br></p><p><img src=\"/2018-12-13/1544670177084.jpeg\" style=\"max-width:100%;\"><br></p><p><img src=\"/2018-12-13/1544670182095.jpeg\" style=\"max-width:100%;\"><br></p><p><img src=\"/2018-12-13/1544670186020.jpeg\" style=\"max-width:100%;\"><br></p><p><img src=\"/2018-12-13/1544670189854.jpeg\" style=\"max-width:100%;\"><br></p><p><img src=\"/2018-12-13/1544670193582.jpeg\" style=\"max-width:100%;\"><br></p><p><img src=\"/2018-12-13/1544670197755.jpeg\" style=\"max-width:100%;\"><br></p><p><img src=\"/2018-12-13/1544670201994.jpeg\" style=\"max-width:100%;\"><br></p><p><br></p>', '2018-12-13 11:06:29', 53, 58);
INSERT INTO `goods` VALUES (95, '白玉北豆腐盒装385g', '煎焖烧后 还能保持超强韧性', '/2018-12-13/1544669910024.webp', '无', 3.20, 3.90, '/2018-12-13/1544669948487.jpeg,/2018-12-13/1544669948381.jpeg,/2018-12-13/1544669948363.jpeg', '实付满49包邮', 0, '<p><img src=\"/2018-12-13/1544670166665.jpeg\" style=\"max-width:100%;\"><br></p><p><img src=\"/2018-12-13/1544670173354.jpeg\" style=\"max-width:100%;\"><br></p><p><img src=\"/2018-12-13/1544670177084.jpeg\" style=\"max-width:100%;\"><br></p><p><img src=\"/2018-12-13/1544670182095.jpeg\" style=\"max-width:100%;\"><br></p><p><img src=\"/2018-12-13/1544670186020.jpeg\" style=\"max-width:100%;\"><br></p><p><img src=\"/2018-12-13/1544670189854.jpeg\" style=\"max-width:100%;\"><br></p><p><img src=\"/2018-12-13/1544670193582.jpeg\" style=\"max-width:100%;\"><br></p><p><img src=\"/2018-12-13/1544670197755.jpeg\" style=\"max-width:100%;\"><br></p><p><img src=\"/2018-12-13/1544670201994.jpeg\" style=\"max-width:100%;\"><br></p><p><br></p>', '2018-12-13 11:06:31', 53, 58);
INSERT INTO `goods` VALUES (96, '白玉北豆腐盒装385g', '煎焖烧后 还能保持超强韧性', '/2018-12-13/1544669910024.webp', '无', 3.20, 3.90, '/2018-12-13/1544669948487.jpeg,/2018-12-13/1544669948381.jpeg,/2018-12-13/1544669948363.jpeg', '实付满49包邮', 0, '<p><img src=\"/2018-12-13/1544670166665.jpeg\" style=\"max-width:100%;\"><br></p><p><img src=\"/2018-12-13/1544670173354.jpeg\" style=\"max-width:100%;\"><br></p><p><img src=\"/2018-12-13/1544670177084.jpeg\" style=\"max-width:100%;\"><br></p><p><img src=\"/2018-12-13/1544670182095.jpeg\" style=\"max-width:100%;\"><br></p><p><img src=\"/2018-12-13/1544670186020.jpeg\" style=\"max-width:100%;\"><br></p><p><img src=\"/2018-12-13/1544670189854.jpeg\" style=\"max-width:100%;\"><br></p><p><img src=\"/2018-12-13/1544670193582.jpeg\" style=\"max-width:100%;\"><br></p><p><img src=\"/2018-12-13/1544670197755.jpeg\" style=\"max-width:100%;\"><br></p><p><img src=\"/2018-12-13/1544670201994.jpeg\" style=\"max-width:100%;\"><br></p><p><br></p>', '2018-12-13 11:06:33', 53, 58);
INSERT INTO `goods` VALUES (97, '白玉北豆腐盒装385g', '煎焖烧后 还能保持超强韧性', '/2018-12-13/1544669910024.webp', '新人专享，100%权威检测', 3.20, 3.90, '/2018-12-13/1544669948487.jpeg,/2018-12-13/1544669948381.jpeg,/2018-12-13/1544669948363.jpeg', '实付满49包邮', 0, '<p><img src=\"/2018-12-13/1544670166665.jpeg\" style=\"max-width:100%;\"><br></p><p><img src=\"/2018-12-13/1544670173354.jpeg\" style=\"max-width:100%;\"><br></p><p><img src=\"/2018-12-13/1544670177084.jpeg\" style=\"max-width:100%;\"><br></p><p><img src=\"/2018-12-13/1544670182095.jpeg\" style=\"max-width:100%;\"><br></p><p><img src=\"/2018-12-13/1544670186020.jpeg\" style=\"max-width:100%;\"><br></p><p><img src=\"/2018-12-13/1544670189854.jpeg\" style=\"max-width:100%;\"><br></p><p><img src=\"/2018-12-13/1544670193582.jpeg\" style=\"max-width:100%;\"><br></p><p><img src=\"/2018-12-13/1544670197755.jpeg\" style=\"max-width:100%;\"><br></p><p><img src=\"/2018-12-13/1544670201994.jpeg\" style=\"max-width:100%;\"><br></p><p><br></p>', '2018-12-13 17:18:58', 53, 58);

-- ----------------------------
-- Table structure for manage
-- ----------------------------
DROP TABLE IF EXISTS `manage`;
CREATE TABLE `manage`  (
  `id` int(10) UNSIGNED NOT NULL AUTO_INCREMENT,
  `username` varchar(255) CHARACTER SET utf8 COLLATE utf8_general_ci NOT NULL,
  `password` varchar(255) CHARACTER SET utf8 COLLATE utf8_general_ci NOT NULL,
  PRIMARY KEY (`id`) USING BTREE
) ENGINE = MyISAM AUTO_INCREMENT = 3 CHARACTER SET = utf8 COLLATE = utf8_general_ci ROW_FORMAT = Dynamic;

-- ----------------------------
-- Records of manage
-- ----------------------------
INSERT INTO `manage` VALUES (1, 'admin', '123456');
INSERT INTO `manage` VALUES (2, 'root', '123456');

-- ----------------------------
-- Table structure for orders
-- ----------------------------
DROP TABLE IF EXISTS `orders`;
CREATE TABLE `orders`  (
  `oid` int(10) UNSIGNED NOT NULL AUTO_INCREMENT COMMENT '主键',
  `uid` int(10) NOT NULL COMMENT '用户id',
  `price` int(10) NOT NULL COMMENT '总价',
  `discount` int(10) NOT NULL COMMENT '支付价',
  `count` int(10) NOT NULL COMMENT '总数',
  `cttime` timestamp(0) NOT NULL DEFAULT CURRENT_TIMESTAMP(0) COMMENT '下单时间',
  `status` int(10) NOT NULL DEFAULT 0 COMMENT '状态',
  PRIMARY KEY (`oid`) USING BTREE
) ENGINE = MyISAM AUTO_INCREMENT = 15 CHARACTER SET = utf8 COLLATE = utf8_general_ci ROW_FORMAT = Fixed;

-- ----------------------------
-- Records of orders
-- ----------------------------
INSERT INTO `orders` VALUES (10, 1, 65, 43, 11, '2018-12-21 09:53:48', 1);
INSERT INTO `orders` VALUES (9, 1, 78, 53, 17, '2018-12-21 09:25:49', 0);
INSERT INTO `orders` VALUES (8, 1, 39, 23, 8, '2018-12-20 17:47:06', 2);
INSERT INTO `orders` VALUES (6, 1, 134, 84, 25, '2018-12-20 17:12:17', 0);
INSERT INTO `orders` VALUES (7, 1, 45, 27, 9, '2018-12-20 17:31:43', 2);
INSERT INTO `orders` VALUES (11, 1, 84, 50, 17, '2018-12-21 16:02:43', 1);
INSERT INTO `orders` VALUES (12, 1, 61, 37, 12, '2018-12-21 21:50:52', 2);
INSERT INTO `orders` VALUES (13, 1, 77, 51, 13, '2018-12-21 21:51:38', 0);
INSERT INTO `orders` VALUES (14, 1, 47, 23, 12, '2018-12-21 21:52:34', 1);

-- ----------------------------
-- Table structure for ordersextra
-- ----------------------------
DROP TABLE IF EXISTS `ordersextra`;
CREATE TABLE `ordersextra`  (
  `id` int(10) UNSIGNED NOT NULL AUTO_INCREMENT COMMENT '主键（订单附表）',
  `gid` int(10) NOT NULL COMMENT '商品id',
  `numbers` int(10) NOT NULL COMMENT '数量',
  `oid` int(10) NOT NULL COMMENT '订单id',
  PRIMARY KEY (`id`) USING BTREE
) ENGINE = MyISAM AUTO_INCREMENT = 24 CHARACTER SET = utf8 COLLATE = utf8_general_ci ROW_FORMAT = Fixed;

-- ----------------------------
-- Records of ordersextra
-- ----------------------------
INSERT INTO `ordersextra` VALUES (9, 39, 4, 8);
INSERT INTO `ordersextra` VALUES (8, 40, 5, 7);
INSERT INTO `ordersextra` VALUES (7, 37, 4, 7);
INSERT INTO `ordersextra` VALUES (4, 40, 8, 6);
INSERT INTO `ordersextra` VALUES (5, 37, 7, 6);
INSERT INTO `ordersextra` VALUES (6, 41, 10, 6);
INSERT INTO `ordersextra` VALUES (10, 41, 4, 8);
INSERT INTO `ordersextra` VALUES (11, 25, 4, 9);
INSERT INTO `ordersextra` VALUES (12, 49, 6, 9);
INSERT INTO `ordersextra` VALUES (13, 64, 7, 9);
INSERT INTO `ordersextra` VALUES (14, 45, 6, 10);
INSERT INTO `ordersextra` VALUES (15, 50, 5, 10);
INSERT INTO `ordersextra` VALUES (16, 37, 8, 11);
INSERT INTO `ordersextra` VALUES (17, 40, 9, 11);
INSERT INTO `ordersextra` VALUES (18, 45, 7, 12);
INSERT INTO `ordersextra` VALUES (19, 25, 5, 12);
INSERT INTO `ordersextra` VALUES (20, 49, 7, 13);
INSERT INTO `ordersextra` VALUES (21, 45, 6, 13);
INSERT INTO `ordersextra` VALUES (22, 30, 6, 14);
INSERT INTO `ordersextra` VALUES (23, 29, 6, 14);

-- ----------------------------
-- Table structure for users
-- ----------------------------
DROP TABLE IF EXISTS `users`;
CREATE TABLE `users`  (
  `uid` int(10) UNSIGNED NOT NULL AUTO_INCREMENT COMMENT '主键',
  `nickname` varchar(255) CHARACTER SET utf8 COLLATE utf8_general_ci NOT NULL COMMENT '昵称',
  `phone` varchar(255) CHARACTER SET utf8 COLLATE utf8_general_ci NOT NULL COMMENT '手机',
  `password` varchar(255) CHARACTER SET utf8 COLLATE utf8_general_ci NOT NULL COMMENT '密码',
  `thumb` varchar(255) CHARACTER SET utf8 COLLATE utf8_general_ci NOT NULL DEFAULT '/img/logo.png' COMMENT '头像',
  `openid` varchar(255) CHARACTER SET utf8 COLLATE utf8_general_ci NOT NULL DEFAULT '1234567' COMMENT '登录标识',
  `ctime` timestamp(0) NOT NULL DEFAULT CURRENT_TIMESTAMP(0) COMMENT '创建时间',
  PRIMARY KEY (`uid`) USING BTREE
) ENGINE = MyISAM AUTO_INCREMENT = 3 CHARACTER SET = utf8 COLLATE = utf8_general_ci ROW_FORMAT = Dynamic;

-- ----------------------------
-- Records of users
-- ----------------------------
INSERT INTO `users` VALUES (1, '小优1545120428116', '18735605086', 'a123456', '/img/logo.png', '1234567', '2018-12-18 16:07:08');
INSERT INTO `users` VALUES (2, '小优1545121475869', '18634428432', 'a123456', '/img/logo.png', '1234567', '2018-12-18 16:24:35');

-- ----------------------------
-- Table structure for webinfo
-- ----------------------------
DROP TABLE IF EXISTS `webinfo`;
CREATE TABLE `webinfo`  (
  `id` int(10) UNSIGNED NOT NULL AUTO_INCREMENT,
  `names` varchar(255) CHARACTER SET utf8 COLLATE utf8_general_ci NOT NULL,
  `keywords` varchar(255) CHARACTER SET utf8 COLLATE utf8_general_ci NOT NULL,
  `des` varchar(255) CHARACTER SET utf8 COLLATE utf8_general_ci NOT NULL,
  `phone` varchar(20) CHARACTER SET utf8 COLLATE utf8_general_ci NOT NULL,
  `address` varchar(255) CHARACTER SET utf8 COLLATE utf8_general_ci NOT NULL,
  `leader` varchar(255) CHARACTER SET utf8 COLLATE utf8_general_ci NOT NULL,
  PRIMARY KEY (`id`) USING BTREE
) ENGINE = MyISAM AUTO_INCREMENT = 3 CHARACTER SET = utf8 COLLATE = utf8_general_ci ROW_FORMAT = Dynamic;

-- ----------------------------
-- Records of webinfo
-- ----------------------------
INSERT INTO `webinfo` VALUES (1, '每日优鲜', '优鲜 便宜 Vue', '这是每日优鲜的描述', '18888888888', '平阳路学府街凯通大厦', 'xxx');

-- ----------------------------
-- View structure for goodsview
-- ----------------------------
DROP VIEW IF EXISTS `goodsview`;
CREATE ALGORITHM = UNDEFINED SQL SECURITY DEFINER VIEW `goodsview` AS (select `daliy`.`goods`.`gid` AS `gid`,`daliy`.`goods`.`gname` AS `gname`,`daliy`.`goods`.`gdes` AS `gdes`,`daliy`.`goods`.`thumb` AS `thumb`,`daliy`.`goods`.`gtag` AS `gtag`,`daliy`.`goods`.`gdiscount` AS `gdiscount`,`daliy`.`goods`.`gprice` AS `gprice`,`daliy`.`goods`.`gbanner` AS `gbanner`,`daliy`.`goods`.`gfee` AS `gfee`,`daliy`.`goods`.`gcount` AS `gcount`,`daliy`.`goods`.`gcontent` AS `gcontent`,`daliy`.`goods`.`createtime` AS `createtime`,`daliy`.`goods`.`cid1` AS `cid1`,`daliy`.`goods`.`cid2` AS `cid2`,`tmp`.`cname` AS `cname`,`tmp`.`cnames` AS `cnames`,`tmp`.`cid` AS `cid`,`tmp`.`pid` AS `pid` from (`daliy`.`goods` join (select `t1`.`cid` AS `cid`,`t1`.`pid` AS `pid`,`t1`.`cname` AS `cname`,`t2`.`cname` AS `cnames` from (`daliy`.`category` `t1` join `daliy`.`category` `t2` on((`t1`.`pid` = `t2`.`cid`)))) `tmp`) where (`daliy`.`goods`.`cid2` = `tmp`.`cid`));

SET FOREIGN_KEY_CHECKS = 1;
